video,Fragment,Left Ear,Left Elbow,Left Eye,Left Foot,Left Hand,Left Hip,Left Knee,Left Shoulder,Neck,Nose,Right Ear,Right Elbow,Right Eye,Right Foot,Right Hand,Right Hip,Right Knee,Right Shoulder,video,Forward_leaning,speed (km/h)
1,0,9.353819163817015,11.097977753466697,10.367885564541309,10.358162623531792,13.28350042245065,10.819258231029261,10.797343227839244,10.121259680857733,10.048917646697438,10.424527573821445,10.602665761998422,10.759511295690917,11.208011782277792,11.115055399023646,9.802944420523103,11.042854298777817,11.609823316616884,9.913247656771729,"(1, 0)",80.27808479343255,22.52434969862042
1,1,6.049838690883699,5.612791990350249,8.548495369946925,8.075320271485342,9.616792235884189,6.6838700794465735,7.157361261021994,6.366232845269872,6.8004313951068855,7.87754869021236,6.992515072776778,6.707326177585517,8.269694768296144,8.913071115288302,12.745541065340726,6.541001715515941,8.463766632715629,6.795695125818896,"(1, 1)",82.89801339206865,21.150577434586726
2,0,10.426115755116196,14.269692719838428,10.823043951387314,13.309229071639935,21.42552640543026,11.61878198422855,11.635039723912708,11.219353571633242,11.14255561232098,11.128530118662516,10.700723344229667,11.507510615051773,10.947120019396245,11.641504039946016,16.41558150014201,11.622115189210986,11.714392740285986,9.784372658812236,"(2, 0)",71.35646904983099,18.822292279665884
2,1,3.397484953686515,5.913052553619429,4.47894506269542,8.190546665045055,11.23508798165801,4.746061047490592,7.7443971316476645,4.9467929142159965,5.001478063214378,3.0092923486800944,2.5426481237784246,7.10849680117056,3.0426017508728513,8.654858194232274,17.70121701918988,5.1749140163111464,7.941645630917275,5.091588250840087,"(2, 1)",77.18329442646574,
2,2,12.062237599846668,13.820078407358615,13.581843217890208,8.215467283531117,18.928099299174256,10.087050041755576,10.067983661520689,11.292721375026149,12.024608416712375,13.268269996529048,6.049882161975455,10.665910771380357,13.79915406724253,10.133415974744343,14.185893828571581,10.239766052923619,9.911401282188981,10.305832390841138,"(2, 2)",76.59383615749834,17.777365767711686
2,3,5.131250424640956,6.226488532016433,3.164654398009266,8.99097041017001,9.10740247094674,5.326137605023312,7.546937213367879,4.917983375604403,5.0237411979168645,4.132144378316331,2.6887215152344286,6.728253925803516,3.488592956213448,10.798328972287562,15.769986159978034,5.7811089430392775,7.965804705246968,4.878370948618484,"(2, 3)",78.07741431969494,18.723915722140895
3,0,10.598077091458698,10.850733334934478,11.249588363324069,10.489181483999491,14.981381968633904,10.829554224166309,10.36093865706453,10.52689036451189,10.678302028354645,11.303003720282987,10.078203805041932,11.778494916577557,11.331956180595357,10.122741565450621,16.677656314386095,10.792655524992034,9.932291625104323,11.531397649433877,"(3, 0)",75.92231972511996,19.449988797885172
3,1,5.080401094351415,5.666907137923143,4.450268394889749,8.422292135025348,12.705112045074026,4.558582859109604,7.87699573558745,5.414113151736486,5.0497188535374,4.830729586395814,2.9554998931882,6.975329953469597,2.683197832436664,8.232112601201518,18.262210296128693,5.008996014070802,7.437703937832529,4.611394366691411,"(3, 1)",77.66520843053662,19.0958281400794
3,2,11.801995813909356,11.465367858525683,12.777767219649638,9.572807066107085,12.600432744439688,9.313427322779848,9.72249995361189,11.26671603246887,11.725639544247144,12.576160507311956,9.794439842822959,11.435025419591156,13.733964483661103,8.922041643424862,13.61925735636102,9.83857428531091,9.343402772121458,11.40996257985886,"(3, 2)",79.35529722171898,18.110895155256898
3,3,4.211773239813993,7.345776910121171,2.8484407480939824,7.4205421592857554,12.474460757966474,5.934039530109689,7.8593618097567814,4.612505593503627,4.030128832354518,2.7787744997960764,2.382056646943698,7.281264072872285,2.0853291100578493,7.309041386799796,16.938193544635837,5.924120869323595,6.857506807213126,3.7223955509498206,"(3, 3)",76.04081513599542,
4,0,9.43192672394229,11.82475704735659,10.092252728321277,12.36653913426897,15.799441582978456,11.06789665840759,11.895780433514206,10.004317604310437,10.229207581713133,10.018955527301141,9.642602578099282,11.579436995985606,10.185254072423854,11.56431877293531,12.240660286539049,11.209890041139388,11.572569903523057,9.666860919080781,"(4, 0)",76.38679562647911,18.639529597438912
4,1,6.332669208643187,6.248049790623561,7.557400228060402,6.84062086625297,9.148839992079525,6.255192682048319,6.7581940149460005,3.3851913189261773,3.2745212547414733,8.165952942979406,7.0033987085745695,5.402321804599672,8.00736849140934,7.849814363416441,12.940028745206101,6.226442578628094,7.129920142478005,3.096380504678694,"(4, 1)",72.12334412869257,21.03385519717758
4,2,28.747414436845816,35.860060179128155,32.377904457964156,8.992167319075683,44.29723698583307,16.999449031272725,10.714284345503621,29.602093567476743,26.11581892490934,32.40139867645759,45.005834202437676,44.170160742398444,27.354072364008985,9.240223666060183,85.70692449541265,14.102284799909766,10.787539873694886,30.153148475632857,"(4, 2)",76.23057093160376,19.7252262247782
4,3,9.194005151184102,9.734789508724655,11.870577453345485,11.050527048013711,11.289016279061526,10.206268478087523,10.330157799938652,10.5062583566873,9.970212111581873,11.265599081820854,11.49179314758896,10.409097477998532,11.788485160792574,11.628778291631813,15.662553589675486,10.156845580401326,10.317556512576163,10.209291980424274,"(4, 3)",69.23217876267547,
5,0,10.374820944833184,10.397837243100991,11.248822262113823,11.33167437264094,12.825562743619036,10.264386149249326,10.515657985401916,9.785610805058951,10.220721670629116,12.020802833841413,15.63592800784996,11.06272677729317,12.199727161704011,11.327530774514292,11.457719502280602,10.653689641917651,10.818847701793212,9.800138331262842,"(5, 0)",72.51575227460964,19.42221469094125
5,1,9.39560086649779,7.340929543484672,12.944822117449949,10.513632455926844,7.617740796469612,5.851205473408691,7.5444830513758125,5.734844846898027,6.612907910919295,10.482331172848301,9.327223371387248,7.710836283550064,9.025699548118547,10.597614121761518,12.037586744512334,6.122674959963894,8.409609783928655,6.0990029768522875,"(5, 1)",71.71478988035885,18.744123374521006
5,2,9.408470928790328,11.491536531730642,10.359411005826693,13.060598075386391,16.297853914060887,11.55614454568061,12.257469978833354,9.13316852467659,9.535544053779258,10.663560627957786,9.728068701541236,13.24221579139077,10.554590758699005,13.445308611643553,15.866232505207426,12.00837630345898,12.804475158149042,9.786426777704865,"(5, 2)",71.44949390308717,18.855323938414415
5,3,8.380571931953678,8.102114043388903,9.185540128249075,10.528661716409854,8.844424135462376,7.388898653857539,7.863906266371036,5.427968228698221,5.434570533247437,9.291072282396435,8.51738334885054,8.189706947666838,8.504417407036495,8.906646100046462,13.166864558832467,7.325470402213549,8.16354590907786,5.587425018467453,"(5, 3)",73.15946721246551,18.16731246640454
6,0,13.152679782499543,13.137838946725614,13.533619694614611,10.744766457016874,15.245390574119673,12.00771537904806,10.728082478581776,13.567277518651084,13.702537491985609,14.279292832587975,14.95569103122494,13.849393726004802,14.634167803812236,11.387219606942244,13.385786947491434,12.265003565094062,10.967217644761352,13.94966401295599,"(6, 0)",75.17232932510464,19.16603571695028
6,1,3.8912443052824903,6.800929916962707,3.216724560352508,9.896314405697428,9.22489527083841,5.943265824862588,8.530451144004433,5.262332718594684,5.39135992148637,2.6033563990797557,2.5338102605062636,6.654352963047563,2.9514832437903786,10.01365827045514,11.681566331692089,6.519338452754209,8.331807089900154,5.183547780866551,"(6, 1)",77.93416263512869,19.172101587867893
6,2,11.626351432131907,11.637961727536997,11.842968298068378,11.574007760004191,15.903131736077789,10.745717886043657,10.307580056418143,11.007478659929932,10.994861780506074,12.864549867432446,13.15719514847308,12.163421798840782,12.797862738195036,12.130733492684055,14.710855473690199,11.386691843114914,10.775029502308394,11.281585818223585,"(6, 2)",80.00435613733781,19.51439219206173
6,3,4.3340550776833675,6.351735698798199,5.720330288802126,8.148924845047683,10.333182155671828,5.382193191168355,6.265365195930346,6.010341722996555,6.266458577129464,3.335331779699343,3.9242029801239022,6.120792476982263,4.802622164720788,8.501552644764867,11.676383482030907,5.713337719977783,6.05899547696775,5.611218642254655,"(6, 3)",74.99891857009797,17.999576179919693
7,0,10.741547958829702,11.640767473396416,11.892045267561745,10.717917397767923,13.15237220699759,10.482761354339965,11.514001004051108,10.47780606567763,10.482041749933053,13.499880867900538,10.538304345308983,11.561987840123033,11.856588496418482,11.900960357701111,12.437940819658738,11.299746610257488,11.518589119903965,9.466175776530278,"(7, 0)",71.86397641681,20.043361498758976
7,1,7.759672327124306,5.039297467288189,7.38889140740934,6.073337375756164,10.057127291544711,5.642910918917413,6.226676994194431,2.1297997798422803,2.2004614012891515,6.23307278825998,5.889687144613141,4.504873459870018,6.209148587064967,7.853113976206363,10.576098092343853,5.63397919007996,7.229648160640757,2.5140123739186775,"(7, 1)",70.71625160734892,20.473237244936822
7,2,9.12508974878191,9.56307408228637,10.26456333505852,8.611709978063699,11.83862729330922,9.350198172524298,10.10953911129957,9.166609159921894,9.162251924104183,10.163533845223334,11.55601913309882,9.857831295126203,10.921789923714428,9.287810007641559,10.213874362133545,9.313968438595584,9.795236968720664,8.870411864009478,"(7, 2)",71.61395367998232,19.836483369295234
7,3,9.659455274430973,8.64631594050058,12.567059263720138,9.353312875884853,11.265624989770364,9.100716255515094,8.566321678205762,7.4061774887504095,7.778070727542066,9.957034321475968,9.835219868295345,10.303303767759163,10.162430194499095,11.703124984023002,17.266350315706106,9.203507254596078,9.578589480167391,8.001984361046157,"(7, 3)",73.19578510103838,19.90959346653995
8,0,15.955739568153096,15.337033793291212,17.282706665064463,12.94939899790415,15.956294951139354,13.039925334553178,11.6595467383379,15.240056061699695,15.581249514164144,18.155032898386906,23.979112782033674,17.00661149302673,18.301744393909082,13.756776596020515,16.90167903406142,13.85774653501277,12.427220910082173,16.266430726663632,"(8, 0)",71.69482927259435,
8,1,8.858709298047792,7.766769903182637,10.633745388350885,10.217986978907375,9.596094535563095,6.256360738227476,7.861612740013952,6.273401441637839,6.729509914957964,9.723183651107528,8.436146597330092,7.996068279838864,8.860216935370278,10.186361843665562,10.401897129335154,6.463751806451526,8.420610594290205,6.301231638864539,"(8, 1)",74.02204048632572,19.532266008245514
8,2,9.767414591209139,10.56963933857653,10.141111643859794,11.885300830937434,14.514976278797748,10.648436736551918,12.43082129083415,9.624566221503212,9.645943876311915,10.043252978686676,9.748441528411806,11.404746129072187,10.541408863371442,12.756822728941206,13.412782445089045,11.158273904972672,12.327164783101844,9.83618218713879,"(8, 2)",75.57547542642075,18.233567448364315
8,3,9.311766193433566,7.592332834552268,11.769195008277222,9.54151364550604,8.236220664626444,6.686307213084969,8.578161695735597,5.3261299555523625,5.6094268143218,10.15817959847629,9.664038570343907,8.064094471728803,9.91808789430049,9.862422240048557,10.056410802887648,6.945140403578008,8.28198716245955,5.436819280230756,"(8, 3)",73.89167054175229,17.51158582179304
9,0,6.819005352688895,5.148833145833735,7.137505740414109,10.942958877744173,11.79147210911347,7.847529415241249,7.155905647856551,7.186108486116956,7.13901202135319,6.973851826319106,8.472184446108841,8.141850634616846,7.318023162029478,8.935306549919064,21.44872786437461,6.656299605328589,5.029016232746772,6.709005074505731,"(9, 0)",95.13030328784718,22.546441101237505
9,1,4.243577147180177,7.4796472500995055,5.195958287164259,10.181282056334101,10.73337904156013,5.932976779132274,9.011460346860986,4.807231970293928,4.72674482288207,4.173291792197247,4.56708751654125,7.504140794681216,5.200970212217719,9.997064714249873,10.16271341563356,6.098680215854642,8.82125597251733,4.740378796230749,"(9, 1)",79.11021971189592,20.183391524669037
9,2,16.07852084701335,11.742441207959148,17.587419540894874,11.317990781177667,14.96507856977686,12.249388226020574,10.536652600034495,14.118670619200737,14.236232261562494,17.680880790787235,19.688392859089873,15.104543276492127,18.626057078300093,11.684153612344483,14.989689317386054,12.487385149583853,10.99998605445052,15.079019773785673,"(9, 2)",78.41750417632188,19.34071869978808
9,3,6.897794444359796,9.545841182346093,6.870630772645436,13.645128219835815,12.380511497427268,9.950977550995848,12.359092916526492,7.414627896151135,7.311935607149091,7.342347242646062,7.295631093474795,10.41927899206582,7.0050305164360145,14.197332591634044,13.299474965921986,10.42146631046379,12.318108405396314,6.850797706534811,"(9, 3)",81.5731836629473,19.576058645844856
10,0,11.730021074706217,10.102066466990063,12.722516099088187,15.151660143952064,13.207261675259964,11.252596180510704,12.877170873944644,10.095834840217012,10.638972076919067,12.946054138095947,15.073430145311596,12.537705967304522,12.848731764350841,15.445785243331441,15.030948381290697,11.868916758024689,12.05720760469522,11.412918450007473,"(10, 0)",68.50283673515372,19.703164469737285
10,1,4.892973098982702,8.027830728284629,5.604029049259667,8.837422433302962,13.833965906150727,5.41608365552418,7.876048292773542,5.98176794425993,5.705678842392479,3.001381836300188,3.6093377769043493,6.399347286349202,2.969900966006412,12.310674310236928,11.026639616969064,5.273985182866095,8.118102089612691,5.478833038810359,"(10, 1)",64.46308543825451,21.8670934589411
10,2,10.049998719306625,9.11244938238055,9.953891707455151,10.268957917424542,11.182185397030146,8.76684597089315,10.202363532323789,8.74945226763457,8.727422667593526,10.41907639539628,12.88321658263775,9.269748013499942,8.731890766520198,11.003751131820358,8.82749709626769,9.425117397274422,9.905620306272402,7.750887796471041,"(10, 2)",65.00225168633382,18.425484208896464
10,3,6.5578906645203485,5.46145287808962,8.462131555298763,9.135673441285313,10.967911174222774,5.139396416044298,8.43154933059062,6.270534084539377,5.903151960574661,5.863573871963294,6.1328550192009255,5.487657017991872,6.426885934942707,12.745264325448476,13.133231483811278,5.596349938660483,8.228294762613968,5.870346990137426,"(10, 3)",69.71405878799736,20.336960186416448
10,4,4.953055624377914,4.8749328498871565,5.466530656475018,7.098416219001343,4.792664313112516,2.522657678646902,4.596635125037375,6.533745089220204,5.719405431590637,3.17494461225841,3.4145258928183977,5.814282124061606,4.55660829605059,4.495912056321999,4.631328132698776,4.540422179008969,2.7313765926559874,5.105513764549135,"(10, 4)",76.51418251176747,15.116133518245686
11,0,9.142262377261202,10.9849900641177,10.100945151546247,13.919233074835887,14.95338385928417,9.623628829389903,10.434021430543117,8.990323371488707,9.210231152961184,11.152339053716458,8.985028562516108,11.923733763689178,9.908534240922988,10.59093000453223,13.685778332847864,9.85911350697831,10.013894257286482,9.361102610780408,"(11, 0)",70.78474832125116,24.021748012671445
11,1,6.087700475859379,4.246100879261105,7.34192176892967,10.52076386712222,12.384165768215052,3.4232973535350175,8.1800569147688,4.2913333880111,4.286405963730521,5.113436098342216,5.292341948268497,5.610551633758032,6.182960394536263,13.103996322880539,11.603733216478226,3.6732901186161273,7.640751736327311,4.1849451371257,"(11, 1)",67.29238696518041,22.09913886129426
11,2,11.027132541842143,11.827854680850084,11.88179559874467,14.369774295972496,18.064745312399612,9.745687840126813,12.125788743490139,10.11236773908571,10.59189472995875,12.44630809153046,12.86352110907159,12.441278044296428,11.791977807871103,13.044550618304669,14.241678835316607,10.703211017678228,11.078405937742254,10.981360027981117,"(11, 2)",67.52030559897106,21.206310830163737
11,3,6.262860085381836,6.602361114790237,6.860513863137758,12.011567590389221,13.054625196816593,3.4751400730139754,8.94833053299937,3.8397362601441003,3.831468335999761,5.327590951400236,5.805621706838929,4.830575692604349,6.740370638018963,13.065502982809072,13.762250907027676,3.9101294519243823,8.27706373671055,4.0210835977281185,"(11, 3)",72.67901673942919,21.81219048313904
12,0,9.261586301451251,10.491255088953558,9.805348521869329,12.141606911578764,13.89367063597461,9.694761657193524,11.435863819984752,9.806849418372492,9.717017900124626,10.455447056008392,9.716180445148618,11.710732750849868,9.900519439715147,12.184436912362619,12.740373252277612,10.050907727878585,11.19673578269419,9.379806837428934,"(12, 0)",76.08830757537865,18.770098116673022
12,1,7.91673267257969,7.253463401154564,7.999231754779115,8.618333856726379,8.692857529503632,8.125507178697633,8.167003345553221,4.9366373603165,4.8675941791151,7.097881445649799,5.9646662793271625,7.3927049588231855,6.050097752374457,8.81625491139954,9.363960686405024,8.34083139820488,8.18407809353297,4.832050930523293,"(12, 1)",77.36209073171187,18.667581700718742
12,2,9.395220041988683,8.151698468072167,10.313423123394035,11.045075068488018,11.511606226547428,8.729131315571333,9.376484833163266,7.556357082518577,8.318836001762225,10.343210480797088,9.63361520239172,9.579585229740449,10.443313353753465,11.465107854989428,10.65567942245476,8.736322251509236,9.007500447761153,8.51179237029942,"(12, 2)",77.90320880071711,18.584915357224887
12,3,7.698011460987916,6.66949423305215,7.486061921136001,11.66350102115589,11.064603616925087,7.8576899812644365,8.736397440549268,4.873416686137885,4.680555249962653,8.265686248755609,7.35079966521624,6.192194896503117,7.490788160966496,12.729382484863633,8.662068939881381,7.437824999006619,8.577173475930124,4.4427280638506295,"(12, 3)",80.08770780341928,17.876601413343153
13,0,11.539466967076363,10.855818450669304,12.435209621766596,13.983992827107048,11.882609524344193,10.713313303789283,11.84494483496367,11.762445295813134,12.22590499950943,13.202386722779513,12.76724455163196,14.05180336684259,12.955773531118846,13.940430316289676,14.038409254668792,11.288513560155874,11.07330034441291,12.981612400500563,"(13, 0)",65.94910087214485,19.530515751660655
13,1,5.503923665179265,8.854819057977645,6.26740251471704,9.021184166347455,14.342093195649767,5.919420436625209,7.376512444126015,6.77185883162162,6.57557471640243,5.091589920847753,5.644269354294449,6.811704309123872,5.387954035245561,12.719823545031838,10.916692756196959,5.446619436907558,8.199945476683006,6.327397414502229,"(13, 1)",61.58162584720338,20.683786661376267
13,2,10.888937608511402,10.356527973526408,12.018402051852755,13.125132746413946,12.780767382257173,10.696300762966032,12.425432544412645,10.579022797510037,11.374421359386515,12.784160157977125,14.513007760324236,12.320609790081624,13.39610614068229,14.071920241088488,15.223511280706736,11.689903196290796,11.261637826859292,12.518142152205177,"(13, 2)",67.24835229663567,19.22296894761843
13,3,5.538774501146886,9.40471311373251,5.636798909498359,11.426749586861535,14.38606833128303,9.178403336767442,10.161351645546755,8.663018964523793,8.826602493854624,6.3239358060244335,7.3415913569641145,10.887133877672921,7.012945032008706,15.885445560910926,14.62423912664234,9.760134124965234,9.313632580019343,8.741677192366687,"(13, 3)",75.07158563623695,20.230427375911063
14,0,,4.751355069872205,,2.9496301463064873,5.101744570895976,0.030408332191473576,0.05905576460712198,2.877368748816699,2.786729908572615,1.4833041944703607,1.482269065768229,2.9430870980429558,1.4503159138615385,4.111036122439231,7.9976754278977795,2.3870925830390326,0.024034697141128412,1.493484823045344,"(14, 0)",100.92022066635434,26.085676301917083
14,1,14.211249935865464,12.437385148075514,15.72274276790015,14.087229951625401,18.114063775674058,9.895370145961234,10.4301426599917,10.857883318528625,11.701128337436158,15.524097399183747,17.00626090163698,14.934438230247695,16.238994410033214,13.010002558977684,15.728888237921964,10.65374719843142,10.912482913851196,13.118050061948098,"(14, 1)",65.28405421389793,28.76403660014712
15,0,8.323816765803615,9.190777882272107,9.15750953759795,12.887766287356158,12.371286792567904,9.74963449778229,11.300895081437364,8.45750892966451,8.425429323090942,9.544226655539662,9.668941851013521,10.634865279329594,9.549026484636533,12.574393212932636,10.550919132490465,10.24046699596587,10.815621624694932,8.685208886524467,"(15, 0)",76.93502280348476,19.59757858676233
15,1,7.593684538884137,3.9282144777222707,10.253946770781704,9.541209817278466,7.889788000457392,7.52875021024863,8.606023476547795,2.7970626755458183,4.186244100848815,8.127235054813761,6.500944100446243,5.866032191645246,6.973085850559936,10.095299700461398,8.692279814780957,7.5678459939738465,8.740033875154264,3.8183400392941866,"(15, 1)",79.40265332530109,
15,2,9.43638670045875,9.790818137163635,9.7244040352669,12.777415559644313,13.048628716086105,9.93375512817633,10.498144216354184,8.879451841702107,9.02002103793829,10.726141359884346,9.92711905509297,10.515227262911457,11.165374214593092,13.557559687670507,13.0216626848987,10.165019900411222,10.790799750643354,8.590648202698617,"(15, 2)",76.8045267827498,18.542612825357153
15,3,9.403140527533834,10.420996054501105,10.407121270927785,12.154469614408686,14.116075519047985,12.302734516604854,12.118161089252151,8.729464099990766,8.815507333813144,9.363102016418521,9.477888918649205,12.012903782262411,10.147110612076395,12.701032513432736,15.095098067102132,12.223055876079806,12.350417781119098,8.902102628007755,"(15, 3)",81.64262749060875,17.55030447701429
16,0,8.529474356838307,9.040452597394369,8.810051972921286,12.18163675669783,12.61209684683865,9.536879976709628,11.322760880372728,8.062920788072464,8.092457084871969,8.795974027183478,9.171363141895029,10.140031520062857,9.387619441556557,12.068938871257144,13.251954762941947,9.705204357102186,9.845029524526485,8.454855103281496,"(16, 0)",76.71324480227612,20.24222701515864
16,1,5.8179284305488235,7.0507661466389395,3.544276524200709,10.486229759490914,11.53938695116557,6.1877759891242405,8.701314433194554,3.947984171798684,4.314431017884152,5.454484423536244,4.458801463700115,6.760345988777999,3.4072300313028325,11.064631512454296,12.13292765933486,6.715534478103695,8.260575743094913,3.9077064038512983,"(16, 1)",77.88117412301273,20.321938403055828
16,2,8.834777818293752,7.978088414238882,8.970535838548983,12.27834888484882,11.929114336298628,10.247675397658703,11.661359672186435,7.163293972929492,7.583089109254534,9.669047410939642,10.425580434582926,9.893214730436007,9.499454079581936,11.494304140499294,13.770051093255345,10.22419391923078,10.599852013275846,8.731681289130478,"(16, 2)",79.36055140296989,19.41741718775336
16,3,8.312685636987746,6.956600021656653,7.824148791361355,11.310191465047785,10.06031622975698,8.676732911037934,9.695605017234211,4.599138696607861,5.173327784790712,7.998437100742299,7.100797381294868,8.151884107693112,7.282147687169975,13.776474010136289,12.419317165948447,8.93126102286551,10.089326676323077,5.184291033928785,"(16, 3)",78.52511020605533,20.542018613170935
17,0,13.30946277914254,12.04575261557393,14.230344318675035,13.04721438199833,14.061103539256202,13.364536288219556,13.694410973270273,12.074379778299974,12.743685861278475,14.565367844067234,14.481046622544735,14.645646890404665,14.739006326760995,12.238050459106697,14.074109943900982,14.59800559911917,13.409287699236383,12.998449524671603,"(17, 0)",72.71137870799168,20.04249108138814
17,1,7.727062881864545,8.020967835146157,10.817569191544212,7.702656899227336,7.584090971668881,7.174765182909126,7.35633947590992,5.823394947693843,5.788528128332712,9.045922608492049,8.149214929060838,7.573248000538159,8.160309550131304,8.29121770063892,10.912637895759989,7.249556046838605,7.729442946163892,5.689048183770348,"(17, 1)",80.36365386018895,19.67975650285331
17,2,10.145680627776125,9.548326516692217,10.391442274010926,9.939187642621773,10.406676793776942,9.89316311634468,10.953843880876253,9.668605914880857,9.532007603878764,10.809096743530763,11.875603260894168,10.522470032325147,11.218739517362653,10.25846749109585,11.929424670938973,9.947057552176776,10.265041310896502,9.428667913705269,"(17, 2)",82.06809341373139,18.542429669907172
17,3,10.97855279245097,13.117189242103867,13.176682449130201,13.010370728142002,16.262980961970854,13.528197786435173,12.141128217951026,10.964393971684546,10.790496905403055,11.618500564602,11.07109963530422,13.643725101214491,11.735796439007574,12.904736499690218,16.196349721201987,13.245651269503599,11.942400093113212,10.775843400666513,"(17, 3)",81.38350410164178,19.537263517868983
18,0,5.510908190068484,6.786229009922577,6.420992594387293,9.085585624306896,9.66232306593021,7.18367354632843,9.463477831986562,7.5280115267826,7.437803490322656,5.405571557512496,6.191851991497774,7.205358444873598,8.048000586466532,11.225729900959223,10.87208861463351,7.797535757893529,9.204037773859017,7.901171545384572,"(18, 0)",82.79710594038409,21.569445502560264
18,1,4.096462571496958,4.903736266025642,4.749630757893341,7.194836755710421,9.405155699430829,5.034903736011929,8.088705875103297,5.527054887545749,5.636060041587997,3.711694675866219,2.7147411638030805,6.043684379839499,2.1913851602250336,8.093242881148427,10.702232004353142,6.116877063142458,7.875748744753221,5.61929771700555,"(18, 1)",77.2851122410325,18.87136360255386
18,2,10.416260693336968,10.963297109305644,11.92204816719531,12.770867791537201,13.889754702657662,13.033333485381773,13.331427069935426,10.591766348823791,10.875627262888061,11.983987513036155,10.023975915533555,11.840882570248775,13.063888732236727,12.79648408772046,14.016769591217725,13.228972696381481,12.534513683140162,10.85150400090858,"(18, 2)",81.39097760606569,18.34192411979607
18,3,2.915999873392996,5.858194402003513,4.235706018621966,6.563773544923261,8.849249676241083,4.86754383106331,7.207260883461499,5.847152016217849,6.04265747418361,2.9805858480739422,3.0300526483514627,5.870209587964089,3.5417114632120463,6.299371945992657,9.792026912089444,5.496658552299056,7.196887302403901,6.02562159608567,"(18, 3)",74.03491418939356,
19,0,8.071884907719795,8.615431447117565,9.130934924508255,13.105480501009733,12.55292618951877,9.947288133240207,12.007697614226977,8.627509523271806,9.074035107051795,8.954519022903055,12.804865845052607,10.363630961802462,11.019835152533227,11.680975381555147,13.109003548115462,10.604132296666473,11.251032403916607,10.002881806329853,"(19, 0)",72.92837606668016,20.57510443313859
19,1,7.101431446736017,6.455216421700351,7.5601185531855615,8.882211938979848,10.34217938009459,5.720437090186188,7.713598342545706,3.8852508229267513,3.821778861923391,6.238269050514291,5.285884932224616,5.906146997030766,5.731538201068611,10.810405579920374,8.431766870133456,5.516265489692967,8.044862864559452,3.5702568142681153,"(19, 1)",68.57311668018974,20.936144538832814
19,2,10.406628287187578,11.352623713191997,10.858855465512987,12.572648175254484,13.820382939652136,12.378013494604843,12.15393941740981,11.357178990423668,11.590146291438677,11.08643853110994,10.256603219315883,12.711919000717092,10.752522313481185,12.255723813721605,13.617547491500423,12.485424781428152,11.87997064720515,12.151377475931026,"(19, 2)",78.51066932597745,18.966750669415504
19,3,8.531497839388452,7.653899188441206,8.246646191196671,9.97495660899648,10.4983925731963,8.083656810980655,8.827030966628113,4.954617721362872,5.841490188113092,8.396451205467427,7.548938431926386,8.848130176055014,7.78495079140767,11.190003970787807,13.233461258977472,7.983386631317683,8.796064882666455,5.955523563059733,"(19, 3)",80.99146118328989,19.60723895847437
20,0,7.804139502728589,5.365727422125503,7.884105053840958,10.020461599834542,10.299372310520107,7.332006295629433,7.166850174347446,6.512749408046303,6.958185365023361,6.868560568517377,7.968278560027627,6.647159535429861,7.73097465877373,8.612055641708674,9.240433729861328,7.068811117619277,6.678956283093312,7.092684646182698,"(20, 0)",92.24523890033977,
20,1,6.973898660990435,6.625957543142809,6.752873290666582,8.89963076030524,9.373686681724022,5.522873775272165,8.40723144612137,5.260394324591633,5.82415966482876,8.823951052019682,9.514442491319983,7.404503541429051,8.773122923294888,8.72988903865429,8.93774627179127,5.7581441009746275,8.213457845844282,5.654000615855619,"(20, 1)",87.6630799969027,
20,2,10.783577186973705,12.02906074569775,11.93541889364037,11.756484591363591,13.424340765989262,13.001145329500181,11.146177109242759,10.571807783687444,10.677370752642897,10.775694099021136,11.336420513912541,12.753734888270184,11.71656224484923,12.067294199336688,16.289582328843753,12.682284860940378,11.31974257695316,10.636080122815411,"(20, 2)",86.92982659568518,18.088807810987948
21,0,6.9623321643879015,9.209967517651826,7.699074763332964,12.297334073248248,12.23850687624737,9.658465458271683,11.143463211062983,8.910109301645969,8.951858379020573,7.561880458051042,9.254567951439062,10.859043334912803,7.529959507843293,12.6950688230694,12.933266367833015,10.450031242130276,10.780484533278106,9.613716501360786,"(21, 0)",75.63012583775163,18.6577059834207
21,1,7.316773945188075,7.458576593037247,11.810534466365489,8.690960335914484,8.168736017873202,8.009715678147066,8.186727876722442,6.282355265255373,6.988091629530328,9.844922293382956,9.63423045244774,7.670047404277218,10.896842421528126,8.883708114828174,12.274365701994792,8.322144587632602,7.8308209563652795,6.554614423510453,"(21, 1)",77.3052436285574,18.37250992606186
21,2,8.816448994772713,8.030921558369,10.617296854798374,9.551851103315178,11.573673443210057,8.576515396170965,9.652488448322528,8.869869938691629,9.100940977435238,10.3074445663113,13.052554571283547,8.080767069753229,11.080613100701466,10.345622269078678,10.351604542292021,8.472907281420207,8.99837345521658,9.925440125075337,"(21, 2)",76.82773869360231,17.87694355801155
21,3,9.39151463536827,9.386355347009179,9.02328890888483,12.745961642684845,11.083493045594041,10.392823229344202,11.25178938551109,9.287845692832729,9.453698574671211,9.35321673643621,9.704744574626373,9.72985893658091,10.166137144983487,12.460395095793894,10.299453187782643,10.49896015092665,11.663356008460925,9.52749801540612,"(21, 3)",78.24751717273223,18.210519434784942
22,0,7.457050572432715,4.506199175838109,9.04193189534183,9.424575596414835,8.244219341766263,6.678423996299298,8.046339308829177,3.1048271592711445,3.982769924945621,7.6708421381510545,7.213822437832599,5.887753949818005,8.464095367004948,9.1606421406329,14.413662911324398,6.493176348465485,7.258572174534735,4.148861144731573,"(22, 0)",74.9738627376708,20.843443935644764
22,1,12.355109502277415,13.315914626164185,12.886782190723284,12.154966800897203,16.401699806381547,11.970733702949554,12.088742729236296,11.382079718331264,11.47908049019575,13.38812285982994,15.355773556939319,13.855636176359285,12.684538325445196,13.734248159003608,16.73112712028016,12.715067371772363,13.491977857702175,11.808565298340143,"(22, 1)",71.03237319948714,19.301340602284945
22,2,6.195474054703141,7.1794596378171605,6.032803030479161,9.677593685550614,8.902726200292747,6.90355711519502,8.500263849223167,2.1006901696288676,1.78230598877748,5.083451179913816,5.498485216502868,5.880762142065722,5.774331321681245,9.248256632744253,13.86486436712507,6.263558724673709,8.397985729617357,2.1199077156614603,"(22, 2)",66.40006974121363,
23,0,0.03040559159098585,6.125092978886069,1.726665090089377,0.11110168015528138,6.351233108617549,14.852871529326114,10.485526131291655,2.9075264974430572,6.334263756217699,1.66232979078558,2.98161634017525,4.556189453187076,3.3103075889308773,2.8143480446929163,9.373828406793022,12.82099972701041,12.029172789514696,8.454843128842402,"(23, 0)",71.19895464842979,23.033415787230176
23,1,12.220584384239487,11.55222643526687,13.613678218079265,15.93998965718871,15.670042090735425,12.778399237552772,15.255199519681964,13.384057490274397,13.837394651070039,13.665147384170918,17.063091776085667,14.255255852107643,14.553697444233217,15.799845200807821,14.022611263760593,13.455931620290709,15.484437299313957,14.323942639159132,"(23, 1)",74.94073351884943,20.21104246226027
24,0,7.887287320706076,6.711835262235171,10.94036107130628,9.810828283553034,7.311457065970944,6.855970240277105,8.552886404609238,7.811940772032658,7.661098137223251,7.821819573979216,8.748849174933081,5.977946563169079,9.827245108051503,9.365640050729258,10.572449951369869,6.69684206929889,8.324359567595671,7.69383637444484,"(24, 0)",76.66136084299676,16.3718097389561
24,1,8.315305896609907,6.37702629120352,9.343458317150121,12.016299640990573,11.133562641161152,9.221592820737968,11.848475291954516,7.955459650462941,8.27141241870934,9.123081852007806,13.10666201945046,9.083444323687452,9.589411194618103,12.523458507661774,11.692207327271817,10.197979268225913,11.86894591962194,8.99854692940073,"(24, 1)",76.59807214383189,15.763496760252774
24,2,9.95152145383513,10.203311296821603,9.277984875532633,12.862716157705915,11.415636929809843,11.103944203192913,12.569059486428397,9.022061320402212,8.90554472021218,8.670548709099071,9.27719989429027,15.2974437451593,9.707782053769117,12.861459486794589,19.753628308641336,11.30181660402665,12.861938631535937,9.08313182689434,"(24, 2)",78.19890743858038,16.252356810087214
25,0,9.117398168649057,11.277831637891834,9.453588454729806,14.214501886774523,15.817137352700799,11.725032236599501,13.179837714997864,10.42431928379104,10.108413680353628,10.151574217945566,12.190296994383871,13.0452253511953,9.485730495969287,13.310989580548664,20.02175836792536,12.718161010559752,13.14190780811584,11.389423495445318,"(25, 0)",67.77415937843551,20.715211550754965
25,1,5.390318015296065,3.182060665377396,6.582769772195988,9.467528906361384,10.24172652315859,6.153781846040177,8.898435085030396,2.137663276689172,2.373338700341435,5.551726076748546,6.117574266217921,4.234991208853839,6.5218875568315875,9.131090372163412,11.445500978718492,6.195010178330265,8.350962906478808,3.6857691580929686,"(25, 1)",72.35359412520476,
25,2,9.913719067670193,11.620672247119549,10.757403208870832,12.365826384541593,15.616972504773935,11.810295029332867,10.996222650855852,10.055494400657581,10.143648803240346,11.857959443185615,12.989386880393651,13.306754048987084,11.390229060366613,11.12630182000678,13.819495214813138,12.199092228192615,11.51804098533562,10.493972141818068,"(25, 2)",70.53224513413635,19.19355357670644
25,3,7.544730361587485,8.542201155672956,8.705666633457641,13.050798979446675,11.977731254447272,10.748372368982224,11.935310709396793,8.907528053573376,8.507158357329235,7.026951544645419,8.613948383923379,9.695540162739809,7.833107978096615,13.547568045031756,16.427842899824466,10.717314713223109,12.738039969833972,8.8160807454702,"(25, 3)",75.27136474210732,21.24237739901034
26,0,5.908198833191002,4.6132506661959365,5.840919996069185,10.215326590902091,8.918663923671287,4.873876894248776,7.402561015676763,6.31051197792811,6.731594460158415,5.78604179159743,7.241396534069669,7.079963049056699,6.7617572212964205,9.834192962138433,10.915209424375702,4.702843472849417,7.034327324625,6.459892837117923,"(26, 0)",67.4871862052743,19.308963594975115
26,1,8.2033711524413,7.0028619288433696,6.306923571433018,10.215304767502156,11.341611568172846,6.033472672087873,8.21673444614301,7.258156940642745,7.517252486800743,5.989247779613022,6.02895241575763,5.496498840658704,6.932053920461077,8.775917519312834,12.04016876935057,6.007199249502275,7.875410819208677,7.430782717141255,"(26, 1)",72.62855141869592,
26,2,7.25610943533818,6.044819880293296,7.822859123144913,9.923874409778728,10.405672848620727,5.066998176701175,6.684933045074089,7.308684522538926,7.693976090203813,8.192447998730863,7.464374272885521,8.120203746029325,7.596171913134653,10.823828307692557,10.88695123271355,5.583724777415254,7.6279897446029405,8.001452342388752,"(26, 2)",69.13432307792183,17.752719468385976
26,3,8.910256843776564,9.280501766770097,15.223807610492505,9.731961872131093,13.20870099977084,6.586762816261816,8.300871973785968,8.827172818290185,9.146023836766034,12.672096990572722,11.453864359205003,7.380844857534085,13.386086360854522,9.157288507188152,14.099630623733827,6.320307568421379,8.275869107898043,9.150767809595507,"(26, 3)",74.41489176351666,16.771391896027126
27,0,5.166460156652858,6.72730022019041,4.142877062608192,10.010816782614171,11.11282167867764,6.261946877611131,8.70433838786178,2.2419411103425464,2.585531605324249,5.246939821510245,5.93770117042339,7.60626392320458,3.249534000103209,11.438591293092161,9.898954549007168,7.1139793452448385,8.849927782785652,2.6071633265123735,"(27, 0)",71.61590656555279,18.956897393710594
27,1,7.051620631885711,7.686575688616145,6.95520595431471,12.388130342347798,10.76427159520165,7.809790812907579,9.573048832406508,2.9161949590625302,2.604814762634523,7.6260998890039255,7.23007311191737,6.974108478727042,7.405906654148618,11.491851152683445,10.878566339688454,7.709985238157413,9.497119560046624,2.931323159543524,"(27, 1)",72.20448036819455,18.67495603786756
27,2,5.703003430187875,7.659167978336561,4.67356824948571,9.729277698438503,11.55433323785625,7.218399191902861,7.970568713355757,4.1836639324296385,4.453680971635427,6.193307189934752,7.597119540888408,7.999691151513642,3.865758370286201,11.29090761793654,9.244671248593992,7.22234489337194,8.421776611446838,4.4739045762097085,"(27, 2)",75.79695283122166,17.75057863208658
27,3,7.6762884511526375,8.251841403182482,5.826057848033561,11.945060800848452,10.189560490440988,7.369618945264978,9.761360004225368,4.629380449411144,4.083847846890017,6.688167148086893,5.916862680881013,7.446545604978977,5.455052636201428,10.776880772228303,13.422535896460447,7.258980914913432,9.842821214389186,4.259617360665855,"(27, 3)",74.03148787701622,18.19668095068147
28,0,3.9967814535909145,7.663124151622578,4.837044173759895,12.973335816958803,11.953382291631304,6.8968449222641475,10.040565425533652,6.073413119642727,6.316947375841167,6.339703632007521,4.800474817424554,8.943424206314809,4.831932468145436,13.27191231996183,11.249982344777631,7.640123783213234,9.759929505475021,6.631385646057053,"(28, 0)",62.324545750357466,20.14200877257752
28,1,5.824349561068935,8.972721113918123,7.652459523741399,12.088177731389578,12.727349347747468,5.841790787980599,8.85763617177697,8.182040437546961,7.938655563684893,6.73596395440728,5.920824634006355,8.07648493417752,6.487321521847545,12.48658954714086,14.957299042284314,6.067555595603997,9.458284646562653,7.584203722059975,"(28, 1)",67.5953858714905,20.913257216454102
28,2,7.406376144208295,7.650724274020368,7.891061035317731,12.64388249320312,15.3163912231492,6.641724680875706,10.070409878516601,7.9265043256532435,7.996628884511166,7.584967678484087,10.147441955033276,8.662142159080393,8.785903006694943,13.634837769187945,14.486186209853043,7.075052489992357,9.517387642549062,8.197260955457427,"(28, 2)",73.57151839646352,20.254206240753188
28,3,9.28681346692457,9.264388124893596,5.761253219105635,12.888158940397727,14.34299722429074,6.657697924326112,9.215868974558521,8.21598753968505,7.99756904659434,6.740675027641247,6.246497179348036,8.09512211130473,6.8143696876025635,12.613068218201603,16.16479292398105,6.256760222809355,8.998916651765718,7.664543838059059,"(28, 3)",69.36287245570372,21.13388390636917
29,0,3.373542496270889,3.8322887228213207,3.6722835753388026,9.255252781203598,11.714926042219956,4.960208877497271,6.254081249097097,6.040477871448396,6.122284478285342,2.9809450965939153,1.5204028797219034,5.376821760734467,4.51260461823056,9.726192140651067,10.844002637478125,4.785603096057792,6.839605420294536,6.391869163251998,"(29, 0)",72.27342623185498,21.665578210652928
29,1,8.481846164669076,5.975861046115568,16.642319800236216,7.944196739330072,6.920194628307585,5.823568286392005,5.318943974164467,7.82637645200717,10.957372448933233,7.611954734230221,6.899578209621027,4.767641733023644,6.8236755060906304,7.393313981498924,11.742016570742626,5.743426106579177,5.593825291654742,7.262069026183212,"(29, 1)",68.82826115861546,19.287248111808594
29,2,6.744974510858691,6.587069349982234,7.06894894578422,9.197815455474098,11.913069806443062,5.750959048052514,9.183878907996567,7.352849171874689,7.96215835596279,7.922181576103719,8.01421376591078,8.776720297875599,7.135472375835167,10.260296906903388,10.235209575814212,6.089224779677705,8.638637428310801,7.859231749383106,"(29, 2)",67.1047762910053,19.881755144813727
29,3,8.358424417098865,8.015438655460164,7.274300401642262,9.995994552743994,11.321638046140881,5.303523504110961,7.995233284098822,8.373836477685975,8.25047230859692,10.311794376577394,10.189796651233918,6.02895625068112,11.269059647246678,8.92340691288249,11.570394600528527,5.338602922579484,7.82483945692556,8.007936553974552,"(29, 3)",72.93965571667209,19.300438789123007
30,0,5.778692465132441,6.4176389368848,5.340778783180382,10.42581936624799,10.777121453441998,6.8651845642466185,8.737502949527428,2.0441374161748374,2.021469096368481,6.258967706381196,6.0872776758278055,6.1401661681612225,5.348307656048555,9.698279827737176,8.83615695836059,7.362035071511888,8.695729107406004,2.2073005834706225,"(30, 0)",70.69376326632471,19.86208818318393
30,1,8.233108451639348,7.344913336603904,6.663747202708816,9.308410976630936,8.780080344195579,6.975710714800981,7.436529911873977,2.745907033780368,3.278792497572581,7.870576192394064,7.8827665463363275,8.059908052692496,7.9321227013502345,8.121589711305054,12.039637398163025,7.476747899921402,8.486429084571808,4.249628436076646,"(30, 1)",72.82147176639803,
30,2,5.882877062096048,6.8432327424513995,5.754029330026698,10.56456885819711,10.141482200138416,6.59914207422673,9.324413472256126,4.607129958206109,4.8387694287764464,7.280706615988747,8.288241236836676,7.512003581622232,5.145572079193765,9.973601113611068,9.501792211412075,7.303214095420734,8.24104634347265,5.185547297548579,"(30, 2)",72.03358652170276,18.666224187124925
30,3,7.12463715554253,6.906777816339553,6.8530073480615,11.5032219299615,8.545758352417014,6.799851568676047,9.035257659038956,3.031983097619974,2.8992051769359217,7.183735169380185,6.431565193657391,6.502214317691869,6.7472840728099985,10.051132874884841,10.444386422757761,6.777404937685287,8.82669092845046,2.847892703644416,"(30, 3)",73.99627550020952,18.32170086205941
31,0,5.8580006165753415,7.224578997456021,7.237757312692508,10.862755701190213,11.699176360276272,6.601534453968251,8.301113411151723,6.853241194740024,7.0715792845159005,8.414210363232812,8.415880245108056,8.805324176644445,7.878099823673571,11.799023898280113,10.09494035749732,7.297015094620424,8.683890223911355,7.244063222866075,"(31, 0)",64.4628274801397,21.153922282696364
31,1,9.65280120914821,10.694255643031337,9.99812104952839,12.714723861437331,15.252370912627077,7.57031754407249,9.019223185963002,9.17614026346302,8.200269647771716,8.403842445248042,6.405874877214212,7.411082075823693,7.8206822715123785,11.057889504895506,15.66433528669872,6.608142933332317,8.996925571033396,7.368492582049419,"(31, 1)",67.15341903321426,20.20993161919808
31,2,6.550038449883799,6.895316172905509,6.952538387976236,13.236927350781071,12.617051027080123,6.303906935361612,10.324118637520783,8.099550677508024,8.45763129025952,6.983727607599874,9.11984540599054,7.599477211491495,6.685530270044716,12.772043946250303,12.179146500406558,6.489876942921017,8.735912575601963,8.76593354865269,"(31, 2)",73.43812165178372,19.931638917254315
31,3,6.4630748408687975,9.391648969529108,7.140547760047973,12.305779596622486,14.156138552132282,6.505120429510173,8.966367385466581,8.121121580908428,7.84548976438898,5.56358059889815,4.466731166052363,7.9306423638002785,4.757655077053624,12.852268460164964,17.073221497853467,6.315982796820876,8.93607894134773,7.109975843644293,"(31, 3)",67.59423324363394,20.23078988016853
32,0,5.234830743447423,7.641680615302292,5.416102747411777,11.719371050698657,11.679051193752716,6.982977520111532,8.67080894565242,7.463541427985258,7.37121935495121,4.519028380802001,5.471594648729062,7.464056983065023,6.685824004879234,11.213615843349123,9.413335662742174,6.933907549987338,7.802450113381011,6.905290387954276,"(32, 0)",71.66727895395869,21.440054380055866
32,1,5.366515682584762,9.055193855146989,5.222902120651438,12.142358401074802,13.626918407448363,5.758700730266924,8.395647405152076,7.374136774298649,6.842792433388114,5.576613820432688,3.682706934372262,6.083857598159748,4.280815890371466,12.43468305852453,13.21589829281056,5.762960863358875,8.640175798658873,6.407184745069924,"(32, 1)",66.9585591476683,20.63667815057988
32,2,3.841087798625984,6.00674028302287,4.800843350440284,9.76206953286854,11.60138473511787,4.4655540081363565,7.1059211779911555,6.775655898572238,7.205589746167648,5.324756769370883,2.5895515441867323,7.756638248408033,4.836980187624464,10.00826180681464,11.755590666619366,5.243632638165835,6.731955804181916,7.433807336014986,"(32, 2)",70.05179347801163,20.291422819814706
32,3,9.698745055723117,9.842553712430155,10.405811756623537,10.509848102286114,13.264081480531074,6.07253812855003,8.107313776166569,8.441738521057278,8.188186096938603,8.733016941930405,8.064108020466481,7.710154337787995,8.691761285840311,11.31462275264377,14.712340444833952,5.936888043178928,7.785349573935218,8.12645525979541,"(32, 3)",72.24669198580746,18.876370723824774
33,0,8.168818445514933,5.169663436650721,8.913673581451437,7.7660050619807555,12.233770559710946,3.49381042545397,4.603266969062445,5.107808022371893,5.417460896694803,8.6912540227784,7.055947666094639,6.99203249008292,9.179035092852857,7.893448842230304,14.111174478092176,3.625077960586497,5.662360522018973,5.783537683120908,"(33, 0)",69.45309714161706,19.61989910664719
33,1,6.73970506031233,9.44103280274403,9.700975172902087,6.949835519283017,12.669643029319932,3.7395550300077383,6.856230712752637,6.671209526567384,5.57821231243768,7.144696129162612,7.2583221587128754,5.164861557909854,8.232271037418176,10.00132648346068,11.210493406201806,3.80415771482967,6.512869329501255,5.563878258343639,"(33, 1)",66.77522453296453,20.12557516387556
33,2,6.5852600093037115,5.693067927935219,7.4441092325415035,9.473043684474762,9.691243791702453,4.187042817255289,5.891345652302608,3.7147815974793525,3.6182048634114925,7.67689048583834,3.4233226208855494,6.130877085923208,7.272019212640335,7.837127227438366,10.34430754456682,4.1477062796708575,5.973680206238471,3.9255479113742946,"(33, 2)",71.88771540215475,19.9707645476281
33,3,10.514819206832856,8.761379299996106,7.452875368558013,6.927891401546494,13.290012778966684,3.175290898362174,6.481385386152511,5.81123703795491,5.019493996072178,6.585555829894468,6.727008411498627,6.142542536410389,7.145527064214559,8.403099112498992,10.948278603764708,3.6769565265686905,7.45807584168479,5.136825594390837,"(33, 3)",67.79008660234629,20.042095079655063
34,0,5.273840745295754,4.8056730704726895,5.367738689261409,9.27752720089149,8.918768723651084,6.179024806034979,8.89747335373699,1.990450310846756,2.1858044062003845,6.715376649011575,7.210978881740035,5.352061566581438,5.058282551271514,8.636960325120357,8.112507050010489,6.8107394456336765,8.287102745840034,2.4763091959478007,"(34, 0)",72.12981531157692,20.141511043619342
34,1,7.0072160879009315,8.677032079316099,8.512620618868457,8.823740622359674,12.69469047724533,7.806315986269074,7.902655918388398,4.964038126121429,4.849162555044369,9.267239462842598,8.72349785364383,6.370099110585124,9.140800422592328,9.863626315699207,11.112185461665588,7.036046752359268,8.124765001201704,4.688256689627325,"(34, 1)",70.84876193431542,19.33833053009589
34,2,5.925844587609093,6.038310718983789,5.8759484257412655,10.13218433767692,7.789531561806591,4.852568013083492,9.704354839749003,3.659565593659827,4.111832744959286,6.356099670304947,8.1671639813268,7.64526179807938,5.343072992664763,10.491099463209444,8.427534017120864,6.090646261651519,9.370358577370537,4.358283598116454,"(34, 2)",74.92784937500869,17.937297134554733
34,3,6.895011050492267,8.33820443783763,8.037322108411649,9.460168015075743,9.855020992516453,6.996882596045288,9.111883234898709,6.578109363728036,6.54420774580436,6.992042181337547,6.698752428322528,7.533512822326896,6.589637756374685,9.842335978065448,10.554682258461668,6.942879167567029,8.953168504686053,6.285713518750756,"(34, 3)",82.42296892157106,16.5976377304211
35,0,8.895632690633427,5.376311563542647,7.283588161064585,8.387523883417646,11.053872317146551,4.511506032357769,6.647904275047575,4.309572861137722,4.382767965924879,6.276914688777966,6.139143326563741,4.886190434997276,7.154849404644279,8.666260701517514,8.854211785558888,4.830615126421083,6.35346912173062,5.3723251905712734,"(35, 0)",76.62301905646564,18.70670667713335
35,1,2.8169515852499702,5.117745084759531,2.8410069891211407,9.70095338378349,10.704650365759623,5.47330724622248,7.730274920281342,5.784444516209918,5.78650915364663,2.530108414312512,3.3503710615392293,5.7987951791815755,3.293860866252757,10.0433834998683,6.487253446732782,5.21047162363159,6.799609586391073,6.270222421033739,"(35, 1)",71.62437966690703,17.49796563476988
35,2,9.611324651261995,9.714760914799372,9.21480074217284,12.006928027357471,14.289109029823235,6.748912959101623,8.586137179953505,7.829891250018469,7.472480409105923,8.383713012547357,8.031174485426856,7.044943578645819,8.3736083126413,12.067334288541897,12.429826648553911,6.1820367165193835,8.68929764691786,7.37268093407154,"(35, 2)",71.26364278028144,17.85096205789039
36,0,8.376635617976602,6.022680892563798,5.306974903226577,8.79814116726637,8.795527323410159,6.508488955953656,8.553703636477122,3.4847548054794086,3.6328491448458875,5.431169607321759,4.738052038932312,5.831701915618851,3.95712741661826,9.094990725860814,9.316284103879369,6.539537010622241,9.752769117512567,3.498473264485007,"(36, 0)",78.30127364392409,17.91659608409819
36,1,5.247102293337733,6.0276863054438365,4.099414798040046,9.462189018393087,8.356720569395321,5.156092633826892,9.212248407531746,3.005640054739734,3.0427155302172224,5.107216714504148,5.906640633453638,7.417463027107491,2.7308890424843018,9.407081847493565,10.01974592108246,5.888818047193095,9.39610144690242,3.1080796051914654,"(36, 1)",79.29737745148428,15.617460898252387
36,2,7.179757844800227,8.223662040328149,6.543211108012608,10.130922656416047,9.826086409922453,7.331047546924906,9.397806422726617,5.896313088908376,5.796641192180695,6.608078350224822,5.495094607719672,7.316839929433354,5.653111500895637,9.69222722844167,9.827029643956914,7.13088666638775,8.761541904713745,5.730374550422594,"(36, 2)",78.35873154423273,15.316799695042928
37,0,4.811764628070875,4.442836657782073,5.8177732458854114,8.67788360865746,12.225532263424897,3.1904310433171763,5.680858820430052,5.134257195687448,4.802452167439088,4.785160614925088,5.800794583270228,3.9455117887290356,7.5928996240829365,8.437194080417466,12.150605286566273,3.7636814885198966,6.3648331775764895,5.233575286762439,"(37, 0)",81.37177466457567,21.061608876354786
37,1,5.062100477490275,6.62702886109663,6.448847725693142,8.671691135625458,6.738138045635004,5.140988595088615,8.216880349539668,7.61245921788675,7.762177037053118,4.401665669512738,4.3079278583091964,6.811126643070415,5.355703813868647,8.250510419075972,6.7883223667397266,5.22556908572286,7.723243610728662,7.707458227699302,"(37, 1)",78.29863772646758,20.217829040105627
37,2,5.794552325832573,5.225677623296443,6.7246425913825805,7.571475379494562,10.741498966275719,4.4273816549636065,6.81563813913873,6.151078249212112,6.18697285081869,5.940336550743747,6.197081074582378,5.247991491254207,8.197818427803028,8.086742588171612,9.248400797111438,4.833398153036906,7.393315852640306,6.259696015383485,"(37, 2)",80.82791148009215,20.14569226442419
37,3,5.448033213324213,5.834421127588089,5.5396848866763015,8.766059378972122,7.7416114484888725,3.9936724371509937,7.208349157385005,6.8340527250167975,6.7706408112029095,4.3354920943338415,4.168202483756554,5.719305936013715,4.862244814462296,8.22000323481348,8.5183520803041,4.341136625892008,7.152662602539919,6.750006443185639,"(37, 3)",75.63517161419993,20.846478093134717
38,0,4.994424133409513,5.590074091221122,5.535304978300469,11.467020170198985,10.091567071493667,3.6900054247654896,7.999759687449541,6.173508279558552,6.38935916281808,3.6509697288353604,7.863269972897219,6.976411743934057,6.192111601612178,9.723824383485054,10.802377309355322,3.96714762892572,8.016974184831408,6.209429158252201,"(38, 0)",71.01788164778776,20.331088540771358
38,1,6.467755027487394,6.578329627286582,6.4843915797190235,9.18239412805603,12.772890456016617,4.095388083384844,7.082405510099668,5.200366501852418,4.882461621125846,5.024534926482548,6.149677823792365,5.458747946697642,5.9178245382723125,10.368440378112522,11.696964664252723,4.160681039952768,6.854736193867569,6.27690322933891,"(38, 1)",72.9578932100105,19.09801139428956
38,2,6.834676962937889,4.1368915140525955,7.687783520762068,10.933465073979246,10.282245137347525,4.518816895326777,7.89512794782637,4.0188738899064145,4.517734377225105,7.155139287695912,9.500612550888771,5.273575162234637,8.402185693026547,9.795949812807308,9.640089383677363,4.302431032216406,6.897985568323574,5.00281975964704,"(38, 2)",75.701225489078,18.524271227238465
38,3,9.652197936961166,8.358866780050697,7.892947511427959,11.26747604899387,13.244424685130005,5.114518177266786,7.691652592549297,7.595758191032844,6.642564217855212,8.084984306819445,7.629343325131191,6.003414160505518,8.433068198992192,11.007147761219704,12.951520157519253,4.3219147428851485,7.240345571026421,6.782373746240142,"(38, 3)",74.02110193634815,18.715067988727494
39,0,4.197237148146139,6.635083990669819,3.832936007527579,8.068635353812528,9.570603581707301,5.856239671134189,8.134497687177927,3.970827359561685,4.593442891108346,5.577936441482999,2.1149458530984386,7.540538545593143,4.16714300464407,8.992698958679869,9.239293587329593,6.330517846458007,8.290980976376135,5.267573443739071,"(39, 0)",76.36085795431381,22.080566755834713
39,1,8.088452069013458,8.054320378067281,8.846554231890432,9.487528767414787,10.947461121712042,7.355294238764061,8.229238108496292,6.321093798541078,6.186302394825138,8.695513948114673,7.793448565223849,8.396564012750083,7.681545857666019,8.946349808054809,11.436465215355753,6.9984069578398005,9.231779178231536,6.317657441366998,"(39, 1)",78.3196240395244,20.47146032745481
39,2,6.089833921228271,6.934130129229387,7.029672482289816,9.269943353841299,9.556764220610974,6.5483618420268135,9.673075295766496,6.080042624516521,6.317861271271293,7.3576952146268,4.220457963321965,8.880820451354131,7.085730602811487,10.18774277218664,8.51053658572428,7.358939454734729,9.033420418715922,6.633199726283988,"(39, 2)",78.15396508025717,20.91807026996438
39,3,6.575678731118119,7.802285705420372,5.3648920633701795,9.53007964404005,8.01170675155036,6.043653656102747,8.513369059997478,6.089816327198104,5.602666359629332,7.48763709212716,6.109097237881001,8.045437407653552,6.770235322173607,9.304022099542383,10.52874563193051,6.545902468223211,9.440032776022134,5.2062337634800775,"(39, 3)",77.51457283176957,20.78822044304384
40,0,6.405757025393453,7.6365475991547855,6.6406687789394825,8.045454234884023,13.210300498232511,5.816944577335232,8.550964759255836,7.538317010893146,7.892911506972971,6.4900968542227195,8.929711543880831,9.023407282782165,6.5414135310294395,9.49314104941566,10.545610073194656,7.079720249260096,8.326338861729695,8.281628922000047,"(40, 0)",70.44960675203735,21.2358484019964
40,1,7.2635092599853905,6.74525346339484,5.870318448055326,10.307735486915812,10.25907038398364,5.939187480232382,8.256278500473272,7.593771134187676,7.644671029268158,5.081520334962554,4.822353581889583,7.757850356831625,5.489770637982679,9.900071046597924,11.929479613444045,6.3486159998791205,8.664800282432193,7.445626595129868,"(40, 1)",76.06408867493523,20.730356738950835
40,2,4.723734933890252,4.473298276161845,5.650809681517931,8.465855705500513,10.99185423017993,4.245763294291732,5.9531043902060565,6.184732958730564,6.246835849923898,4.6516734514574205,4.508351155320797,4.380591301765059,6.636652831222005,8.939456395605719,8.966632055687487,4.286529645618731,6.871075582937328,6.7311606524902805,"(40, 2)",78.86393467343692,19.76064041875669
40,3,5.5878926201328225,5.404627729241525,2.244218134798651,10.576623372146274,8.583366795632976,5.340878748130297,9.328369337594923,6.5376576269723365,6.452265627417082,3.3542178482059657,3.499553782384048,6.052430688353644,4.083629351188238,9.341483079463147,10.450936699975856,5.541793662824161,9.389109419815371,6.586898149957143,"(40, 3)",75.92197022976765,21.114600072463002
41,0,4.003307402387333,6.932567617130094,3.557818071314374,6.008025299006842,8.959608332931234,3.4674687200716994,6.422229376678072,2.77227086382703,2.4639626220845705,5.518479750385247,,1.5366001650376349,4.271332664493522,6.643508983239962,5.196474229607177,4.588999670301294,6.794725669216785,2.5393669560639167,"(41, 0)",92.79636633352942,20.91599680506595
41,1,5.292771340413752,8.281008178273895,10.556740047081346,10.113175602241167,11.829831478615029,4.909875931637292,6.438702383779513,7.802692713367368,7.912814567445216,8.317342005415666,6.751693529238739,6.424938139258678,7.895891811003623,10.031167592803472,10.450384720995423,4.133761067219095,6.240240678744684,7.448942190840171,"(41, 1)",73.08043758933002,19.639366781694232
41,2,4.102919217085069,4.2447142092271735,4.7660484828889285,9.677183804127612,7.281010091667432,4.106402089530117,5.829355631769633,5.4390127233845185,5.759535160060452,3.842828298663794,2.6610938386652294,3.817277614609153,5.543996171891453,9.17162590604089,8.921802646896701,3.5116019942870227,6.201769056261618,5.916441644949775,"(41, 2)",73.10723048158764,18.60629055952606
41,3,8.955662391284443,6.575871542353839,7.776268799570249,9.700303788846776,12.721994834187035,3.79782120272962,7.278354601146393,6.277251412942486,5.547862264947389,5.03985280854165,5.896964809513631,4.594687633289032,6.125872733557987,9.729825221951783,11.539902068136543,3.5868859068363896,6.77276423824315,5.867266746980937,"(41, 3)",76.0400197366388,18.974897765156893
42,0,4.135384675889623,3.297927161324799,1.4773073365642897,6.498335777525693,5.248139793690473,4.702690055794609,5.801440441915056,4.25289802191348,4.0506709264898735,2.714840302440218,1.6375050207928636,5.110905370655264,1.5340376442809853,8.353460402471043,9.28311609031797,4.76840784030915,6.397100033654298,4.94266721408117,"(42, 0)",88.22490897935837,19.56988848439343
42,1,4.2115497423583355,7.344524702271762,4.09121675200023,8.409632510683045,11.126406400035465,6.86294668945353,9.147236817893804,5.015150028772911,5.55068711352755,5.020212510284865,3.9987020483182905,8.245269380087214,3.7967147863380104,10.558876548185628,7.894253068348094,7.478727451690326,8.699036746634578,5.590731727195452,"(42, 1)",77.79202704183413,18.3637081153401
42,2,5.157421264087851,7.597272361246305,6.7136196836835325,9.335815675396415,7.690743598046353,6.420206343475963,8.39413642084411,6.133070835543396,5.753698255411436,7.309136172993551,6.124792676309159,6.915555864818687,6.593205305394684,8.571208606471684,10.421943130097436,6.403498626095818,9.222585207428583,5.796056200418864,"(42, 2)",79.9684295570687,18.193507094158445
43,0,6.121921909729023,7.856769526748706,7.236356826192412,9.921047734032198,13.399518038107827,6.697417477230258,7.634291513308677,6.00858251032641,6.602104250720768,7.615189204324065,3.782852694626914,9.6379123772769,7.075176321564944,10.495164418957915,11.672626099397673,7.401808355411644,8.050995686361183,7.164844091941637,"(43, 0)",75.4743056676334,20.637333631177324
43,1,7.332418431909531,7.635067507954521,8.346957441164811,8.011776976150097,11.436698649247738,5.200366074044804,7.322886548997137,6.214556197501673,6.1442863169212325,5.944780893116561,4.350013565613528,6.496874412190336,5.043042138890837,8.385572529014782,11.097800099849744,5.205838357163461,6.532128972332138,5.531553085309272,"(43, 1)",71.8470232666164,21.436449167841584
43,2,4.55416833470869,6.90513799242672,5.419524264839763,10.2735179069703,11.295708806026532,6.014295019050592,8.011091124319256,6.150534016979401,6.55825527272171,6.342858667810299,4.363066403523832,8.791925250903823,6.145987106324871,10.924454056693161,11.233103647508266,6.942510111389981,8.175288017247798,7.13902587406614,"(43, 2)",75.68587767369712,20.39387078095838
43,3,9.516691943365942,11.130516084791331,11.198846467600049,9.494757489863868,14.897491040824395,7.25600019131346,8.160703362204808,8.12257707350174,7.6578118945905125,8.902181977554111,8.083930641374145,8.248517893641631,9.065221888628582,9.531492591025435,14.297618383387867,6.456398318002782,7.6045801819391565,7.335163751096249,"(43, 3)",73.23748112568717,20.922059461170463
44,0,11.391843853544147,9.891738327875562,12.074054537448818,13.269537144913697,13.181198534633786,10.479197560094189,12.214795308833489,10.110476548030707,10.433563882117767,12.675915893804513,10.484979351434108,10.201167813444883,11.939448858697816,13.392948753142374,10.495841826605592,10.909927449375578,11.464350956569724,9.579861571275304,"(44, 0)",71.99145776703403,
44,1,11.068897521132532,5.1656156163021105,,7.422765687203535,4.581317292366176,2.3711066075473886,5.866874764215768,3.0136971271742974,2.344914302848123,5.92424497562772,2.4595227013141905,5.263182772836706,2.9974695851411517,7.0052427482058555,10.515756108738053,2.6985881426608382,7.085969126854395,1.986187855629341,"(44, 1)",73.11483573219952,
44,2,14.57665831426608,11.132630732518878,15.719695624860748,11.249161623770478,13.942539698958733,9.997026435022134,10.812060484533593,13.855413731972575,14.240298827930884,16.22296718708526,4.170515795438314,12.32431056677091,14.862116133576603,11.251659617325531,12.917806408056002,10.482122331881047,10.526615575730945,13.245662230622285,"(44, 2)",73.63344488709053,21.087542520271473
44,3,7.502545158532589,6.961409350214088,10.375830535641391,10.973965730374324,8.223524429643126,7.994252848711724,10.050302954138438,4.633114737495547,4.770113562114453,7.780312142773877,8.115048609537226,7.125844245398929,8.425398521824187,10.352598485184782,10.064959880965922,7.743033718874959,10.335496121903264,5.044112635413375,"(44, 3)",70.55218101960999,20.541305057604994
45,0,10.0226386438648,8.285768215504836,11.372127168721336,14.950132703834814,14.420871240549474,9.633781339367768,11.5758123968001,9.656342160349896,9.703212497627609,12.047989669735445,3.748941126695484,11.83843278298235,11.59243084768557,13.577880530323108,15.196419881546147,10.059495670815688,11.42418906192414,9.84740349087547,"(45, 0)",72.0805644850045,20.551867694819162
45,1,7.52803250748981,6.344767749619006,8.57552738774842,10.900813883607336,9.33281960181001,7.104117630078134,7.993305668744067,3.179225999465878,3.034736141265037,6.111469047559183,6.4880657825831705,4.570338351700507,6.54157849362909,13.832317946091116,13.319413579706993,7.54907890705851,9.352355758396614,3.432015566971622,"(45, 1)",67.8778361658834,21.05705207413739
45,2,10.306925780373364,8.172350926477577,11.119167725005282,12.100884646647518,12.308068035556241,8.951042500754175,10.342729785524117,9.194740861941085,9.647250464376116,11.859825685451423,11.199240686420657,11.155248619407878,10.669690941799239,12.21419403912016,13.676645567257971,9.4023647431318,10.36302279377978,10.314931182700674,"(45, 2)",75.41950743593888,19.872791831868206
45,3,6.651834928597356,9.819420667059019,8.929269039699346,14.289183561365347,12.057807855538469,11.395383080643894,11.81984653842263,9.612060194785466,9.768834279903936,9.324732971237173,9.649931086839217,10.44227404782794,10.011847704500811,16.13862854008528,14.031380927168776,11.346124743524227,12.062658029801984,9.785421136995492,"(45, 3)",69.2742575960052,
46,0,8.010372556047,9.308498410806294,8.614866379814117,14.462342182315801,14.448154255800368,10.016059403349505,12.50954262303087,8.969554551024972,9.153187215633068,8.95957907598978,8.062178740786345,9.645205924801962,8.250026919507514,14.348920404927917,12.020664717021937,10.863076061646971,11.855063857083742,8.694566825885682,"(46, 0)",76.78978002674253,
46,1,8.637689327822383,5.84862632688017,8.057705179530585,8.051513304036746,10.122025310938792,3.7264255526446814,4.902565524593477,6.3666160780033065,5.946921851198548,3.385489559697908,2.735022692855546,4.5619127660550935,2.7130552361287332,10.125975621356849,8.462811501116938,3.9102201441701303,5.81015410679198,5.595254267965694,"(46, 1)",69.5515945837135,21.517548012532597
46,2,11.329056117583162,11.503291887020819,12.977699806665473,12.40495577511089,15.534630961050071,10.939937527559673,10.832642811056425,10.478826137254236,10.577067799571601,13.257719185175741,11.793069184111799,13.281738127923445,12.867039195718595,13.357136434652858,14.233944877719892,11.591334833370183,11.4160320742484,10.822503610408658,"(46, 2)",74.05783115261352,20.326404155569932
46,3,4.304730487664539,7.281956818657933,4.149648436490128,12.7939107228779,10.882488652206321,6.915298962441121,9.93289954539085,6.806489317983208,6.652385224075956,3.4420577180254712,2.66940432061594,6.8747896491917615,2.6852313790382976,14.731599743356272,9.785141309913895,6.879326856723304,10.900299232838169,6.099025773748668,"(46, 3)",72.59063430672745,21.213839093350128
47,0,10.856676217998604,9.709169848383477,11.396218269347198,12.224744351324635,14.268569896966863,10.704225804173129,13.170656288108077,10.835697232620474,11.480194821911128,11.575761488452194,11.378706381512208,12.80984641766774,11.268324592069765,13.257028649622706,13.600095171511633,11.536068091600681,13.24169428273403,11.57983972835167,"(47, 0)",69.2161121856274,21.34123499574537
47,1,,6.679529392566042,5.064655812589836,8.349303762121103,8.578526608888723,3.228974765609934,7.429026137371796,3.1327273163724962,2.3515088563469355,5.463091299286035,3.7949703329481768,5.371327551608351,3.714550154531375,9.23952785337009,11.413208364288574,3.135174393134989,8.323928002993233,2.0787761892905063,"(47, 1)",70.34684487393321,
47,2,12.284520088193746,10.46942439088702,13.246439480348373,9.711069039420195,13.917531569930143,9.542113755746357,10.173716561448874,13.22153905833859,12.444303185726504,13.21094380452273,14.075177547725646,12.045286835896592,13.970848635333516,9.803137140989774,14.64321926387776,10.042309043302419,9.346096665659923,13.00015465126499,"(47, 2)",76.00905326477981,
47,3,7.751441243765937,7.170343375119961,7.141393234283265,11.009777747292715,9.394335704544291,6.793043098724966,9.849109380670034,4.071036015111774,3.4270645987835775,7.225326588466945,6.0283205881249415,6.9133214335003785,6.159978670431281,11.135498011542074,9.991486008620797,6.243505443271605,10.637511209518156,3.1265442035699644,"(47, 3)",72.37920852294057,
48,0,12.651266347358876,9.91347570427214,13.598902995342396,13.461412771548012,13.524096892202769,11.032564317081006,12.060260172734454,11.169705123817327,10.932446791185587,13.79013086991586,14.645339305276185,11.456483002266417,12.03475685092303,14.13242612817691,11.902528776769131,11.1675161960395,11.980498910592082,10.058653889633106,"(48, 0)",71.23123766717114,20.15241609276944
48,1,6.181737927330598,5.74100505077083,7.978813871748178,9.389919698719119,11.66135625427204,6.411301120934154,7.039598659255109,2.086993773906361,1.6503854838828516,5.637708754884818,4.606372277281844,3.2564293127402073,4.703177204807423,12.726344759883746,14.067188457036552,5.591480873116735,7.300685505355056,1.5537792593871136,"(48, 1)",66.67922017371396,
48,2,10.883519993005763,9.339313642359416,11.663336429948501,14.088039299486729,13.80900804214474,10.74953362223832,12.468849763586983,10.380606411570254,10.374020373001196,11.685359002161952,20.06166642546584,12.021822780561093,11.293293259830508,13.939111909638703,14.336983875511617,10.946708615182606,12.250918334909517,10.85530361594211,"(48, 2)",72.42343242318321,20.392950792042896
48,3,8.789047075603563,8.411304751607322,9.117021456791113,13.97720298394022,11.066656085661249,10.486684775968683,11.257499936584606,8.200450364339918,8.038909346361004,10.485879772847985,9.328739094747124,9.435757485891852,9.280809303216053,16.334664048862336,12.426313244935406,10.393774189350227,11.502780023868114,8.280286833689866,"(48, 3)",71.29190652197676,20.986000246291898
49,0,5.7559307491705445,8.144527287144017,6.100208256272288,9.286002024437092,23.45689058362632,4.376083762295158,7.94223766402315,3.3065984705072906,2.824569179824231,6.222930274050871,8.62454630207682,2.90732115283373,4.9849347427270505,9.900902667113533,18.934587098927818,4.031873169888212,9.052612088552458,2.6663243937088628,"(49, 0)",75.34436546094572,24.40618735983041
49,1,,17.31077630897987,12.826380654728759,9.370951042008546,17.152822390095253,11.550120653492826,11.556479712633363,14.719784436866476,14.243462175317056,18.35995130146911,15.676470911050037,13.92265695664946,15.840195901651738,6.930028734142852,22.176818836968756,10.123421774649797,11.999776461170532,14.459471214575217,"(49, 1)",74.63721630348839,21.81886815431855
49,2,5.660317399133804,4.99363607378171,6.054525992767819,8.608973234995602,17.26788590712179,4.660839728408775,8.316634312968901,2.9009829008983052,2.8151012952317354,6.124307122241379,3.998095338199625,4.55230509986121,5.927592535819821,11.050247209510898,18.02005840580935,4.208224732477332,8.738017059708096,4.102131492999547,"(49, 2)",70.72096896326491,21.935824967095513
49,3,32.44280853414723,28.576114019965008,27.77201812248417,12.515026943420363,36.690712879808814,18.93605985801816,15.174432624641424,23.09286643122078,21.24900857867264,21.834738972025804,20.671964147578066,21.868653917206416,22.06339043702265,12.74831721489059,35.30973807549515,16.28886907443378,14.954695290444889,20.088847142755817,"(49, 3)",79.59762018936217,21.081714325719183
50,0,8.031371452725574,9.790703547046704,8.800713634391236,12.080894394801643,11.154664683670582,10.77766778420969,8.947563404312461,9.417086349629212,9.611925529653417,6.085141705448824,5.987311360981039,8.790822904908037,9.757667292540004,11.017957539586234,15.141563475507864,11.05845164339506,9.97806826785637,10.10710191270158,"(50, 0)",75.853392547604,20.95130166532739
50,1,11.113131974053404,12.189634917126082,12.093098810963493,11.978823586716286,12.902835924088178,6.723155263855189,9.710555685050938,10.705871908796729,9.284746944304361,10.632055585842457,9.059631960190522,9.015346151381815,10.451596853119051,8.433987314844387,12.305652898441492,7.911816790339018,10.009380895579366,9.604627306215646,"(50, 1)",77.49683655055397,19.703582271964727
50,2,2.6263675989924864,6.575697587918371,2.243252621934182,12.95571775458009,9.188746445761145,11.187027050867545,12.560022484111185,6.262175768674085,6.478941935823249,2.164323747463549,3.1289690927417535,6.9581397386663015,4.6569466056904485,13.730992687022033,11.100069866942913,11.146731328629786,13.178710921577677,7.312004026236526,"(50, 2)",71.86104273158183,18.64890545567326
50,3,11.887957115233275,16.419426310916297,18.985173491883973,15.937195880065577,16.08910180068919,13.908991591413193,15.078382018826515,16.67829971192453,15.484865261699865,19.201489213825084,17.549701759984636,15.405881293375918,19.14958343492489,17.084306244647383,16.404647856590532,13.815914659219494,16.127300276960863,15.310836764460886,"(50, 3)",74.85179282333749,19.422022136526337
51,0,7.3157385868309355,14.235509851270216,7.669004657382821,16.881624273375998,18.794922841347265,16.053666691059796,16.611577877007342,11.151866926847903,8.181595002654301,7.803979201650402,0.03252691193449533,10.34720313101806,6.860096856073842,16.08508712537827,16.376791809172385,13.130485246934938,16.33977343793067,6.707814509008337,"(51, 0)",62.66457005783499,22.891090598718513
51,1,23.822420063181312,22.074844240237958,22.905127128354444,14.533306476609177,22.7908810004939,16.65329139408815,15.237141450691848,19.031899922283795,17.140498984291593,23.283059439218867,21.75514784628605,14.927649437686199,23.206939477673018,14.942774437161637,16.955536510968688,14.1203544474633,14.845741417529995,16.295595831865672,"(51, 1)",70.63609474986237,22.598020654011428
51,2,9.363112035612373,12.140026704620121,8.128268166600051,16.492289628904615,13.097824339457015,15.65774118251986,15.20402935327031,9.682262559179904,8.754061908016661,5.857391472946526,14.486522264965263,5.3177977554286135,9.002646362931555,15.067850860392118,13.51565396240493,12.983004852168389,15.04169570147986,7.666667616838165,"(51, 2)",65.87320855593487,22.294982724536325
51,3,,17.364962318461007,23.52841971859869,13.099965389083584,22.344110216924946,13.096886620821188,12.939194125613914,15.562847530223685,14.298367015850575,18.574032465019144,18.27765498860163,13.31001701904811,19.8832244400348,11.692775742033067,16.1171988731617,12.394355172413356,12.627471900681241,13.861265293233867,"(51, 3)",67.46837959430935,21.410649109746252
52,0,6.373690537348231,11.104561954122254,5.223697018555628,10.868191288154518,17.657252189166787,11.224095406230541,10.275869929130529,4.984038167952592,2.926429127305671,2.7932789492213335,6.499171987985238,9.293185125464372,5.4459959226956896,11.245609261795378,16.584378632156902,7.9618321359868585,9.882819056817615,7.591856728173729,"(52, 0)",58.034943059604075,21.263020055087583
52,1,18.45014896466091,14.3589065550429,12.884361426879556,13.733763161057142,16.981442651962464,9.640163144266824,11.030266959108003,12.68066143294095,11.324704649306602,13.199838489895113,10.051227048083213,13.175687599538575,11.967099959259954,11.258847210525444,16.394664514700512,6.138218967805491,10.778415053034347,11.13876214357052,"(52, 1)",61.78438659908389,22.45973660032678
52,2,6.225023140363962,12.442733374121998,4.495384477427264,11.699641160792288,15.399639000282601,9.348266538011186,7.755467876727754,5.8191726710801115,3.5607592101485124,2.728679659568142,9.02629672376519,6.5883094672887506,5.005036660306723,14.996912867956532,13.56129830559494,8.56392504341759,7.428604581027065,6.120155904524081,"(52, 2)",62.091278921406534,21.839030527501752
52,3,20.867091180032524,18.479478878776565,16.23416753878876,14.347288149539606,19.357687769652546,10.109598464412771,13.912885848497933,16.64780810141983,15.567564380657727,20.320218374741973,17.368512273645397,16.922888804621998,19.631958682466603,14.378322513203896,20.78473203084736,9.336396704898297,13.212058160250423,14.99246757000869,"(52, 3)",71.53231702882294,21.750149896523343
53,0,5.675623844180115,13.214369296496908,6.920368842476191,11.27588398271248,28.851261417830568,13.558302546242178,10.090544326561673,10.545902034665056,10.895968195158597,6.37680907429175,9.315643160834394,17.21248850388028,9.470004090221106,17.582080381343868,42.23194691412111,12.857311189047758,8.956419320607216,11.202123702717271,"(53, 0)",72.61073676480069,22.631475565011986
53,1,11.629267831025132,16.111218202275815,9.044369858646938,11.226400215791728,31.320383252249886,9.971129020120863,11.368167423183861,11.836796301180145,11.175942205561602,12.564943371801228,12.076423080553049,11.73977522167532,12.105771647587531,15.601738559248904,24.82209926207835,9.457689335050844,10.235160419089016,11.124653525460376,"(53, 1)",76.83736086904547,20.904183444371615
53,2,9.038519240544126,16.499185577119743,8.073198278156696,12.413594156305054,31.671100722387934,14.199470623988224,13.001916801415662,14.566145114746142,15.100377689881634,5.680742945266505,8.554074554110027,16.809799724470544,10.728238577782363,17.712052586776238,42.43837509477786,13.94463039451901,11.95617881500336,14.610820111593126,"(53, 2)",75.3164341730321,20.65607951444157
53,3,37.522260702148486,27.899593773165915,30.001325175885086,19.461274756556158,32.257352938389104,21.53430911918014,17.196543808517138,25.4766584011088,24.709991901163235,24.684418106986904,24.98864599367884,22.481121787136598,24.881277368350347,19.778184241538888,30.62717466675104,21.582517580652866,18.54441701325797,24.027394455964817,"(53, 3)",84.53432154494128,20.26677334485576
54,0,4.499220609428693,8.38624041252601,5.940630549067382,14.47450255730436,15.782402331166262,8.762486375277438,11.030189979040134,4.994558698454479,5.2978617977638285,4.019512420679905,,9.434597618444114,7.509800853175423,13.37939282280968,15.936278701139255,8.498299918067971,11.324779472579687,5.794892652681129,"(54, 0)",73.92808186953805,22.392990388689697
54,1,28.63292968332095,20.569433802308712,18.43846160400899,17.540081896323407,23.04849164850604,14.283960560009545,13.333225981739675,17.379181854322535,16.423500429091465,19.446102919597614,17.179670184537663,11.859835612075605,18.500921842823406,11.63056109012782,17.451318469971834,11.750103721019034,12.919995812791685,14.273010087843392,"(54, 1)",73.83728717085094,20.50509304813578
54,2,5.4402754314869375,8.918411613611235,5.802966683261597,14.726649472274568,18.11872323709223,9.627098737977178,10.660121589336672,5.846408503661394,6.816396872765316,3.6690358839359987,6.7067787287688345,9.858377381044162,8.279248851884372,17.03043749941219,13.722186980393747,8.900741136648115,10.378996016370165,7.473913778833654,"(54, 2)",71.81113815208766,19.933993981999066
54,3,19.767528559905156,25.27016534396208,24.199636029940887,16.048894934704613,29.625698186116722,15.118619251402315,14.112914741524,20.786826865005995,18.909769004512917,24.397846125483657,21.719673350209334,16.727438812076368,23.340911630605063,16.664768135600358,20.7124136210377,13.630267889199969,14.504264509619002,17.92876003896793,"(54, 3)",81.47169639611135,18.680470959278818
55,0,4.385921302526023,10.91421086241464,4.093597399836787,10.786315685886908,21.529508694838835,9.177887246515661,6.0571433779645005,9.008597245910435,8.33348685717939,5.15399924034844,2.699698909137868,11.365870227038304,4.498582181047666,11.259774101186732,17.315581552798935,9.870849094435616,6.054704934201595,9.458607287458165,"(55, 0)",75.98407128718986,22.052634068116603
55,1,10.752791421095663,10.890336540779101,5.339720917545495,15.72843491192039,15.106750486490604,7.625797429754251,9.366664040643132,7.8296138875791526,5.982759025023077,11.945934588591431,9.602298986168154,9.060346553624571,10.430482936095359,8.782966987659222,16.481140818099455,6.1613412119808295,8.955564123103143,6.0666925879912625,"(55, 1)",77.45497076744392,20.99547026605346
55,2,5.718582621207664,11.27962355728601,5.310337216735092,11.910066764365013,18.19439957190753,9.908213478603791,9.061139553058496,7.390859636515003,7.404063583037698,7.054535561835205,3.4995590722261114,10.907160922451173,3.701169496854245,11.948072976653691,16.585082330386985,10.225461456579849,8.57325072144881,9.048492146515066,"(55, 2)",74.31550996304362,20.703328570860872
55,3,14.300418983871934,16.78498598244318,18.725273609996503,15.535880268247432,17.38612562676515,11.245194385165911,11.068448157920685,12.443942379715597,10.234788266586929,13.888669388499842,12.992780294192785,10.448688973744888,14.180028158863326,11.439697929025215,14.236677249323732,8.899336274368814,10.493668592844072,10.706106361079401,"(55, 3)",81.09100734122264,20.37254812533833
