;Left Ear;Left Elbow;Left Eye;Left Foot;Left Hand;Left Hip;Left Knee;Left Shoulder;Neck;Nose;Right Ear;Right Elbow;Right Eye;Right Foot;Right Hand;Right Hip;Right Knee;Right Shoulder;source;Forward_leaning;speed (km/h)
0;0.045673064;0.05125409;0.047478854;0.058581;0.089916878;0.05319725;0.06073572;0.041509282;0.041928519;0.048009572;0.030796936;0.054794538;0.050967229;0.064222288;0.090145373;0.053422616;0.059800066;0.043506747;20180404_182019;72.79768929;19.62141069
1;0.042413719;0.04831159;0.037900003;0.061984917;0.063025627;0.039417937;0.066117126;0.051565582;0.050757032;0.04719496;0.040391772;0.057654433;0.046419072;0.067735655;0.096607272;0.040361531;0.064979555;0.048975877;20180404_182019;79.39595206;20.23930448
2;0.065222109;0.057219283;0.074283439;0.050481589;0.091929492;0.048590015;0.047967954;0.04768001;0.051337612;0.066861891;0.035578229;0.053788159;0.074402679;0.05628961;0.084482288;0.049884253;0.047578421;0.049439778;20180404_182019;79.23348097;17.7101303
3;0.03811905;0.062001631;0.054378437;0.06380332;0.077160663;0.03887315;0.052516927;0.047832753;0.047737013;0.05748099;0.05254823;0.050101995;0.056458373;0.072888046;0.091108265;0.038627665;0.052786985;0.046676507;20180404_182019;86.09313392;18.72936387
4;0.04926707;0.052231533;0.051954451;0.048854174;0.090580764;0.056537304;0.056944473;0.033866502;0.034614209;0.054934418;0.032615862;0.057874654;0.035121703;0.045642422;0.080438781;0.052916183;0.05461366;0.041132503;20180404_182232;71.11215334;20.18094828
5;0.047857073;0.046576996;0.033453081;0.061882728;0.077106065;0.034451434;0.065119302;0.050953056;0.049049268;0.029267989;0.029682722;0.055668653;0.031766803;0.052054909;0.082466742;0.04098739;0.058911232;0.046791009;20180404_182232;77.79615136;19.40124041
6;0.061616933;0.052616616;0.065680581;0.046825871;0.06612155;0.050261194;0.054376013;0.049181172;0.054590476;0.063156262;0.032382527;0.064437324;0.053155319;0.04335345;0.088395413;0.053187305;0.047513358;0.052116554;20180404_182232;76.82014157;17.5876319
7;0.040979098;0.057761214;0.041513023;0.062664956;0.072350178;0.041546586;0.057099186;0.045656636;0.045758907;0.048259613;0.04201254;0.05249622;0.044533857;0.059825055;0.094317282;0.043535467;0.049352501;0.044539431;20180404_182232;84.17399555;18.51001368
8;0.04370018;0.059490768;0.043663378;0.062200717;0.107221618;0.060650932;0.065763431;0.039261256;0.040127423;0.048177723;0.061899209;0.065909708;0.042461887;0.063738104;0.07706381;0.06121844;0.065376081;0.043715527;20180404_182959;81.39210626;19.65939664
9;0.060848152;0.062062699;0.070834536;0.046028121;0.090253677;0.059940724;0.052279936;0.040199821;0.040224108;0.080751834;0.072361034;0.054553375;0.082721542;0.054651115;0.113820636;0.058851628;0.055098286;0.039839462;20180404_182959;75.37693631;21.19383753
10;0.075259598;0.077152724;0.092908434;0.049541256;0.091724722;0.059919063;0.062138491;0.072224321;0.07482132;0.099460294;0.106234544;0.081988012;0.079256721;0.053385118;0.092899586;0.060549163;0.058569569;0.071792423;20180404_182959;77.02303383;19.94937198
11;0.072528168;0.060145756;0.097832462;0.053557692;0.056468354;0.047530187;0.054350543;0.057515164;0.052437652;0.091301295;0.085315869;0.074255987;0.079396249;0.060408104;0.109499446;0.047163595;0.054558595;0.057208059;20180404_182959;70.31348827;19.78969498
12;0.052574538;0.051995579;0.059334803;0.076442759;0.078791414;0.057454118;0.069139008;0.045690845;0.047624568;0.060303438;0.059621777;0.059893253;0.057985594;0.080809553;0.077414697;0.059380561;0.069504645;0.044639393;20180404_183056;69.96412802;19.42221469
13;0.070368708;0.057580197;0.078725883;0.087534091;0.056978375;0.044991399;0.053291959;0.046576237;0.051587801;0.07901717;0.068711008;0.060079643;0.059264384;0.078581889;0.084498641;0.049351746;0.054162982;0.047516326;20180404_183056;71.36775916;18.74412337
14;0.04608798;0.054420149;0.052565984;0.083039829;0.093093315;0.058719605;0.071928843;0.045367656;0.047149526;0.055421127;0.049512387;0.069210259;0.053576329;0.082380373;0.09475904;0.064030415;0.068120599;0.049678838;20180404_183056;68.45901822;18.79563469
15;0.062821443;0.044166288;0.066198441;0.075399711;0.068214421;0.047378208;0.056202589;0.045012052;0.04660016;0.080293406;0.066425306;0.055534357;0.062605004;0.064725424;0.085061505;0.052981727;0.058214836;0.048910739;20180404_183056;75.10602846;18.16731247
16;0.048219901;0.048132591;0.049633437;0.068919778;0.071240496;0.054777396;0.046529621;0.052062063;0.051735463;0.050886004;0.049530002;0.052149936;0.055416495;0.065941175;0.064287093;0.055521387;0.050960651;0.053454933;20180404_183138;75.43226889;19.38651196
17;0.038861066;0.052038808;0.042645181;0.068461638;0.071389918;0.050064074;0.056169348;0.043445256;0.047085401;0.043911911;0.041829566;0.058202184;0.043829801;0.06970034;0.090519764;0.055241873;0.056235962;0.050371289;20180404_183138;82.12093509;19.6170471
18;0.049226618;0.045936546;0.05189253;0.065126741;0.065398838;0.043686698;0.0451742;0.042936233;0.042212844;0.05738057;0.057149857;0.048728782;0.0574455;0.063705103;0.070957087;0.046140158;0.042462497;0.042161192;20180404_183138;81.08877567;19.8183861
19;0.046132976;0.052019311;0.054744169;0.078141139;0.079279192;0.052672709;0.054807519;0.051494724;0.049838545;0.045477952;0.048762121;0.059611972;0.050097371;0.068818863;0.096203674;0.053114357;0.057343424;0.050720522;20180404_183138;74.64406972;18.35711157
20;0.052095473;0.058394475;0.062687863;0.048242588;0.08562644;0.053157269;0.055401976;0.053069457;0.053365497;0.073659935;0.066595948;0.065868746;0.060375983;0.052169811;0.076019154;0.058145653;0.053465476;0.048570902;20180404_183222;70.40077399;19.92657191
21;0.063594747;0.051903396;0.059932128;0.044415;0.07898206;0.053320541;0.043386809;0.042707777;0.043422321;0.058255643;0.054511112;0.052360134;0.05830101;0.056181786;0.09741987;0.054030384;0.053488592;0.045141271;20180404_183222;71.72010692;20.57407112
22;0.048703318;0.053365125;0.051809814;0.047238325;0.075991445;0.043454649;0.050128129;0.045778005;0.046255273;0.053662677;0.04856692;0.052568452;0.060250156;0.048134497;0.056180366;0.043938251;0.05094675;0.043883831;20180404_183222;72.25998478;19.74741637
23;0.040285069;0.054116051;0.067623271;0.047615602;0.088434617;0.043750956;0.048361247;0.048941597;0.048310151;0.064427412;0.06347059;0.055495676;0.066814054;0.059971652;0.095610604;0.043289611;0.049193881;0.049801941;20180404_183222;74.67354121;19.91515218
24;0.0620143;0.062853564;0.070621399;0.085747602;0.08951929;0.056809483;0.068593543;0.057029976;0.058417119;0.076774417;0.090140567;0.080017368;0.065769875;0.093531275;0.088050097;0.05987232;0.064682881;0.061943652;20180404_183311;69.47843124;19.00559427
25;0.066992599;0.051224681;0.067004867;0.083350502;0.070784668;0.043833521;0.065105077;0.04812445;0.056045841;0.065724673;0.058788569;0.060428022;0.047896746;0.079886707;0.089105243;0.049728186;0.063650299;0.055960002;20180404_183311;74.96352326;19.71889367
26;0.04174888;0.049092258;0.042848114;0.073585146;0.084127551;0.05117733;0.064689301;0.042900327;0.041803761;0.042835101;0.041287727;0.053365939;0.048950336;0.085255343;0.078582271;0.054218608;0.067858009;0.043188388;20180404_183311;73.62419109;18.11768173
27;0.065911808;0.06517935;0.073472034;0.077334784;0.063791687;0.053574093;0.068230282;0.049920561;0.052654424;0.076495129;0.07549303;0.07445752;0.063469823;0.083587072;0.097249262;0.056923036;0.067316271;0.052366109;20180404_183311;69.61258602;16.76567456
28;0.036584213;0.04300361;0.041245512;0.063427724;0.062509188;0.057451274;0.064628223;0.033450578;0.035546088;0.041323759;0.048569291;0.048592374;0.044390793;0.075522544;0.058746473;0.060556119;0.065273878;0.033759641;20180404_183357;71.83791233;20.55949328
29;0.043171207;0.049738614;0.047367866;0.065437205;0.061775817;0.04503917;0.0529716;0.045740919;0.048939835;0.04737689;0.048622428;0.061800397;0.054005148;0.063369097;0.074673406;0.048162378;0.055627348;0.050096037;20180404_183357;75.14180195;19.55524539
30;0.048918081;0.046996869;0.05057582;0.056970777;0.069378359;0.054259602;0.05455005;0.039292483;0.03914746;0.054239244;0.054561421;0.054922972;0.054327681;0.068608759;0.063585406;0.057266958;0.055839323;0.037548518;20180404_183357;73.44425705;19.15270072
31;0.044338993;0.045242381;0.047155157;0.054792178;0.063475154;0.047100796;0.054265349;0.041999334;0.041946793;0.048179055;0.053308737;0.048167635;0.051874327;0.059320695;0.076152365;0.049001192;0.05199465;0.047875431;20180404_183357;83.52072324;18.74290334
32;0.046328369;0.045919312;0.055347584;0.069281299;0.073545162;0.044245144;0.062649975;0.045110796;0.046899401;0.047204642;0.054148928;0.053201532;0.049610113;0.070586384;0.062038145;0.047514443;0.05193059;0.049427927;20180404_183648;66.07995801;20.43304478
33;0.041091382;0.044143721;0.05318278;0.072318777;0.101664796;0.036785749;0.064012324;0.056745007;0.052991415;0.036989632;0.041536034;0.044368637;0.038399778;0.092828582;0.078203636;0.036266374;0.060544467;0.04971101;20180404_183648;64.69326196;21.81948097
34;0.048755872;0.047890607;0.053062191;0.066243153;0.062809336;0.040828887;0.053327405;0.040681664;0.040751596;0.053158543;0.072665766;0.046460797;0.046787624;0.070331836;0.049633817;0.046139099;0.054367816;0.03780127;20180404_183648;61.14129991;18.57333052
35;0.042538593;0.039317958;0.058024345;0.070324723;0.074201827;0.035981345;0.063519288;0.039290089;0.043782335;0.04856416;0.055736498;0.043718913;0.054799781;0.087867478;0.074468497;0.038449702;0.061119401;0.047669535;20180404_183648;70.3055174;19.96488614
36;0.015061358;0.001744317;0.014115363;0.000346316;0.015997836;0.014210723;0.015587655;0.014869362;0.001007441;0.029485304;0.00085424;0.001444752;0.001670167;0.061395271;0.002478301;0.001605276;0.014837802;0.001623264;20180404_183648;70.40790577;21.52477811
37;0.051305314;0.058288481;0.057759969;0.092061324;0.089997785;0.030266215;0.064052304;0.050314239;0.051517327;0.057310729;0.053422294;0.060246623;0.057236087;0.048462027;0.075478919;0.040802207;0.054940945;0.052451265;20180404_183735;69.86660198;24.02174801
38;0.049104457;0.037536843;0.062818366;0.058071847;0.0942085;0.022575639;0.053183903;0.028360714;0.024003891;0.045408159;0.047786888;0.043798008;0.054854337;0.076718602;0.080504514;0.027054676;0.053172803;0.028182161;20180404_183735;67.73286191;22.09913886
39;0.052194408;0.065041217;0.053040255;0.081305854;0.113003218;0.036917172;0.065782362;0.054389534;0.055324172;0.058657759;0.063150626;0.062593418;0.051358459;0.056580269;0.077112779;0.037968669;0.054143545;0.058753859;20180404_183735;64.92033215;21.20631083
40;0.052018623;0.051771749;0.0672207;0.063661404;0.098045169;0.03053124;0.051709605;0.04176272;0.039575504;0.055036247;0.059351053;0.037249233;0.066959326;0.076601181;0.08230223;0.028677291;0.050132932;0.041810729;20180404_183735;69.76626316;21.81219048
41;0.046448937;0.027967089;0.046941415;0.068335257;0.060315243;0.054102923;0.065863366;0.019458675;0.018142866;0.051853974;0.050423947;0.039347496;0.050781968;0.0615315;0.066712194;0.053057426;0.057975145;0.017167216;20180404_183820;81.12705294;20.49379703
42;0.059892025;0.037393486;0.050082279;0.0743171;0.068885174;0.046498251;0.060384471;0.026363181;0.027438438;0.041228961;0.035187139;0.036337211;0.036227816;0.067590983;0.061984146;0.042402188;0.054108459;0.027966397;20180404_183820;78.30465075;18.6675817
43;0.052409562;0.039993713;0.056637913;0.062070652;0.068892606;0.046078451;0.055400321;0.029701791;0.030087698;0.057213294;0.047892169;0.037464224;0.058730132;0.066512871;0.064161929;0.044989654;0.049718554;0.027616634;20180404_183820;76.91067626;18.58491536
44;0.055435235;0.041562251;0.060172847;0.079709923;0.070182075;0.039191273;0.049613716;0.034877753;0.034952127;0.047297557;0.045068755;0.03706676;0.043087332;0.078030391;0.068101416;0.039236009;0.046617315;0.034083452;20180404_183820;80.33881613;18.11822706
45;0.030377259;0.045422222;0.03420237;0.074104709;0.06814825;0.050430147;0.065928524;0.037740699;0.037367944;0.040761399;0.048364597;0.054918698;0.034263954;0.077792744;0.070284616;0.054697243;0.059653513;0.041993951;20180404_183900;68.86933528;21.05985248
46;0.046168294;0.067944748;0.049492612;0.060415404;0.116492124;0.046408356;0.065735737;0.061671574;0.061588584;0.045636142;0.052088826;0.057842188;0.050169402;0.099326072;0.08466031;0.046151035;0.069305447;0.060983242;20180404_183900;62.28287322;20.99946711
47;0.033936151;0.051500045;0.055583719;0.065155177;0.075335341;0.051294438;0.063139995;0.046190005;0.052358278;0.052908384;0.068689111;0.060292461;0.054502897;0.065945542;0.07528168;0.057886118;0.05668837;0.05767757;20180404_183900;62.96762346;19.46293234
48;0.040558765;0.056926222;0.04316881;0.070218727;0.096474005;0.047365071;0.063276848;0.053080011;0.053844297;0.046760084;0.051349343;0.055496566;0.049609855;0.10049904;0.093276316;0.049017697;0.052201465;0.05161455;20180404_183900;78.12975032;20.61965377
49;0.043662384;0.061042949;0.04879579;0.075053592;0.118929568;0.03651339;0.05365903;0.033056362;0.035110559;0.054327041;0.056834982;0.056041355;0.05293368;0.057879727;0.074186757;0.037429307;0.044221203;0.040958045;20180404_183945;62.80584822;22.59843773
50;0.059345253;0.060372682;0.106955958;0.062011714;0.137148645;0.04626699;0.058432057;0.059129773;0.064783535;0.079575394;0.090052167;0.06231129;0.095469717;0.073229996;0.096713177;0.04491252;0.051452841;0.068387104;20180404_183945;70.83790518;21.37924672
51;0.054834153;0.053534877;0.064126079;0.093009613;0.107571823;0.037852314;0.059701283;0.039341519;0.043667309;0.063267728;0.094039818;0.058920547;0.071555504;0.056527152;0.059056245;0.037417838;0.047702879;0.053408853;20180404_183945;55.75302176;20.33758243
52;0.04457137;0.033151464;0.03776531;0.068956908;0.066530651;0.044239548;0.058081851;0.022779108;0.023980501;0.041748864;0.049902189;0.035599341;0.037719463;0.068528609;0.055438385;0.047549128;0.056058524;0.022305386;20180404_184028;79.69548021;20.6644999
53;0.057665674;0.042768199;0.061820877;0.070743109;0.077181348;0.049728945;0.052680033;0.039430325;0.039689366;0.050221945;0.04780634;0.039943585;0.043408417;0.06025202;0.080502614;0.048364567;0.050977509;0.041640005;20180404_184028;83.49431909;18.32439
54;0.03887365;0.033629548;0.042330562;0.065998056;0.072278208;0.043574159;0.052161581;0.030842123;0.034101375;0.042667146;0.039778673;0.037146046;0.044776336;0.076154237;0.06571141;0.043726447;0.053338956;0.033985875;20180404_184028;76.2167084;18.6129919
55;0.055408123;0.038087442;0.045533626;0.054903029;0.074252619;0.039776602;0.040505066;0.03745056;0.039111804;0.045003115;0.043874277;0.035236648;0.04555471;0.05193389;0.068448685;0.039509376;0.040838109;0.038601768;20180404_184028;84.51176586;17.56759831
56;0.045746302;0.040298934;0.046826898;0.075891594;0.08042029;0.055855469;0.066037618;0.020462936;0.021835441;0.047275001;0.049107115;0.044992754;0.045785953;0.072015468;0.080288712;0.054891366;0.053406734;0.025568305;20180404_184241;77.5956662;20.58043887
57;0.03808063;0.054549694;0.021958922;0.054896595;0.094714524;0.049226531;0.067352045;0.033273557;0.034941421;0.028471144;0.030510845;0.054940068;0.025257619;0.070729097;0.080206485;0.053452924;0.056492108;0.032069614;20180404_184241;82.92350823;20.66148209
58;0.044588715;0.040148824;0.040680784;0.07021043;0.077285042;0.050074434;0.058479446;0.027220346;0.024264256;0.047020754;0.045114811;0.050967298;0.044285068;0.059392818;0.076975113;0.04909588;0.046809106;0.028092848;20180404_184241;77.49937052;19.84489543
59;0.044570423;0.048994283;0.034692411;0.062148649;0.077513858;0.050583411;0.059115398;0.032393672;0.035179663;0.033019149;0.034758942;0.042311794;0.035104615;0.078582775;0.073261926;0.048429109;0.055059081;0.034932634;20180404_184241;79.85811452;20.55959834
60;0.053285665;0.052392059;0.053414901;0.068905776;0.077542474;0.060501388;0.078619226;0.04486065;0.045848597;0.047075279;0.046549362;0.070990644;0.049818319;0.064491372;0.075430289;0.071637331;0.074224156;0.047069065;20180404_184328;72.99566873;20.04249108
61;0.056009737;0.060479942;0.052388475;0.063537401;0.058610095;0.058634247;0.062184634;0.049758673;0.048621977;0.060232153;0.060230624;0.052517132;0.050857654;0.059051189;0.074509246;0.061192835;0.057725635;0.049360655;20180404_184328;83.9765646;19.6797565
62;0.042055574;0.047774618;0.038495809;0.069278008;0.072142454;0.056939188;0.06559624;0.042116854;0.041563261;0.038918803;0.052238262;0.048942759;0.041956611;0.067766393;0.084592478;0.056975177;0.061885185;0.042489313;20180404_184328;82.66109161;18.56376401
63;0.059413737;0.054124044;0.035108613;0.070183633;0.068194556;0.057443395;0.068064387;0.051234797;0.051475704;0.054846586;0.057241681;0.059174672;0.055829094;0.065655626;0.074295713;0.061045468;0.064457904;0.052207564;20180404_184328;82.35819902;19.14197144
64;0.025264889;0.036316692;0.022172511;0.054774772;0.0626201;0.041608399;0.05094902;0.020704698;0.020835038;0.034772848;0.036196159;0.035397681;0.025030188;0.04594567;0.07150159;0.041664765;0.039225492;0.021003895;20180404_184411;76.14572148;20.09539828
65;0.026412346;0.041664455;0.026256566;0.042281169;0.064797135;0.032660711;0.053214572;0.031690555;0.031550458;0.027731799;0.027887004;0.037792307;0.030075666;0.04657836;0.067501005;0.041325541;0.053268106;0.036273701;20180404_184411;78.07044532;19.51794992
66;0.029009341;0.044235352;0.030039287;0.042187666;0.066766554;0.050477936;0.058613113;0.029108016;0.028445349;0.040952368;0.026127838;0.050333663;0.035199044;0.048299703;0.06774152;0.050604822;0.050783046;0.02585702;20180404_184411;74.91326723;18.1546913
67;0.036551557;0.041880058;0.039318476;0.04612019;0.064590437;0.040543768;0.050268001;0.03447218;0.031136284;0.040444784;0.041486283;0.03757296;0.043479157;0.051358828;0.066112103;0.040264153;0.045915068;0.032714596;20180404_184411;78.76594587;19.24576858
68;0.044899506;0.044268366;0.044814086;0.08188874;0.080087733;0.053145954;0.078661499;0.033362317;0.03640702;0.043703884;0.043067307;0.048586215;0.044095454;0.070473833;0.081357913;0.055804484;0.064540051;0.043672304;20180404_184450;72.04989744;20.16696778
69;0.036138768;0.061538791;0.048277808;0.070750877;0.095247074;0.054205245;0.070055069;0.037808289;0.035724322;0.053755606;0.043115348;0.054554489;0.046686839;0.090230816;0.075167214;0.048563693;0.063585151;0.03404723;20180404_184450;66.68517661;20.47697324
70;0.051399309;0.057625665;0.055443781;0.079139923;0.083770731;0.060476493;0.07043509;0.040495356;0.042855305;0.055836823;0.055519098;0.064734601;0.057371398;0.071170099;0.079097687;0.057290075;0.062008571;0.052056121;20180404_184450;77.72627101;18.80009819
71;0.047491119;0.061804334;0.042518008;0.069739307;0.078969451;0.05563682;0.062787339;0.042198407;0.041544329;0.045761343;0.046991604;0.060086464;0.048461799;0.064634785;0.093984035;0.053391167;0.045894946;0.04449415;20180404_184450;85.39409204;19.82702706
72;0.035111264;0.051439675;0.036360413;0.06942241;0.076898336;0.049829526;0.061858004;0.046892422;0.044094173;0.03709221;0.055272366;0.037766495;0.038909073;0.059674655;0.060637681;0.050559833;0.065319476;0.0436005;20180404_184526;77.34285774;22.78481402
73;0.059651417;0.067699278;0.080399043;0.063795169;0.104562497;0.050795991;0.064822178;0.049925437;0.049242595;0.07335243;0.05239405;0.049482371;0.057639953;0.060035709;0.07696153;0.053907009;0.063372198;0.03622817;20180404_184526;83.01262952;22.72381702
74;0.052182798;0.05937397;0.059184934;0.046605365;0.089516628;0.059865243;0.059642532;0.056281878;0.057917158;0.070420348;0.076718275;0.050547229;0.045606686;0.056354273;0.073895855;0.056799261;0.064336057;0.044006642;20180404_184526;82.04126492;21.64186204
75;0.065377129;0.054722937;0.07264771;0.062303867;0.064833291;0.045084442;0.060803376;0.051490367;0.053337182;0.058079141;0.054196204;0.051008013;0.05585147;0.061231185;0.064345949;0.046211709;0.05574989;0.043975487;20180404_184526;86.32439183;22.79571226
76;0.045348927;0.027390199;0.05340948;0.077808442;0.077423496;0.053834497;0.070305203;0.037195154;0.037123083;0.048434297;0.056947898;0.027442915;0.061550108;0.07040649;0.06484104;0.05732826;0.062822387;0.035177024;20180404_184857;82.23348459;19.82972211
77;0.043982654;0.039157219;0.061807607;0.072165898;0.062621658;0.052816531;0.060754232;0.034457672;0.033778769;0.052766733;0.05728781;0.041851925;0.058196713;0.070085437;0.073500414;0.048613367;0.058820684;0.036383416;20180404_184857;79.43226704;18.37250993
78;0.042329473;0.037041279;0.045626617;0.059161462;0.071365761;0.044449209;0.062508736;0.042722996;0.044693906;0.042951264;0.05263035;0.037957147;0.050533831;0.069027667;0.060413537;0.046605707;0.054630658;0.048219762;20180404_184857;77.11538683;17.84871732
79;0.051261317;0.04410741;0.05812309;0.069427456;0.066318949;0.045269019;0.058438501;0.043398843;0.043025854;0.05337737;0.052592293;0.04439357;0.053933629;0.060977429;0.064440538;0.042867128;0.048772769;0.043246295;20180404_184857;80.26154993;17.49229173
80;0.025758926;0.045539945;0.024311805;0.087327978;0.104638125;0.055435158;0.080202378;0.051715892;0.050267384;0.024105862;0.02594294;0.03961755;0.019732288;0.072861569;0.084812278;0.056340873;0.07743916;0.050409511;20180404_184936;68.85899169;20.84292997
81;0.033607721;0.03932696;0.034201368;0.082508654;0.083088613;0.066021638;0.06501037;0.031931511;0.031978612;0.041163943;0.044700781;0.046892321;0.04756159;0.072652426;0.101791043;0.061777327;0.059145849;0.038954302;20180404_184936;73.44882212;20.97314098
82;0.028303199;0.051843845;0.034965398;0.07968852;0.105166338;0.057201492;0.073027389;0.052026802;0.051012039;0.031015804;0.045556093;0.050500032;0.033434962;0.076861735;0.095916686;0.055550918;0.076113174;0.055050459;20180404_184936;68.10825024;19.71845237
83;0.034208527;0.042741034;0.034905072;0.090080027;0.087253714;0.059229056;0.072642985;0.038000748;0.039256174;0.036447577;0.037330207;0.047213558;0.040087999;0.084958282;0.112975674;0.057386392;0.076677302;0.038911786;20180404_184936;71.96459315;20.60292269
84;0.031571719;0.037720637;0.03247233;0.072834249;0.067691322;0.045481962;0.060354661;0.041363373;0.041260219;0.025611766;0.033576664;0.043557037;0.039969059;0.067139217;0.080669158;0.049843653;0.062206895;0.046115561;20180404_185137;72.67226589;18.67113223
85;0.053682163;0.048837739;0.050245939;0.074300612;0.062428713;0.05868158;0.068378695;0.041274263;0.043318236;0.048482133;0.061767204;0.053257843;0.056966944;0.07452025;0.083789568;0.062791596;0.063770681;0.050483796;20180404_185137;74.69552634;17.29689834
86;0.043628742;0.042598981;0.046615308;0.075603432;0.068477972;0.045317348;0.069478438;0.044538417;0.047984418;0.051057928;0.070050823;0.058855663;0.04285713;0.074856236;0.086395849;0.052398881;0.062882247;0.051646826;20180404_185137;73.0006779;16.92934609
87;0.053380369;0.049710289;0.051118443;0.071573646;0.055140355;0.04829976;0.060478278;0.041695968;0.042166277;0.051314938;0.051901915;0.054987821;0.047620373;0.067205932;0.068910194;0.049890851;0.058815952;0.043365453;20180404_185137;79.53236384;17.35843372
88;0.034083815;0.05784056;0.033190959;0.102577407;0.113471478;0.066017806;0.092079573;0.044088938;0.042571569;0.041534272;0.051117428;0.058532021;0.038214665;0.089580521;0.128797843;0.064600749;0.085311492;0.045559006;20180404_185221;65.20242179;20.6493573
89;0.039061025;0.0495534;0.033748593;0.087201727;0.104759745;0.066852973;0.086156017;0.03755963;0.041128857;0.049105479;0.053483306;0.054011494;0.051188794;0.083345287;0.11344365;0.069727424;0.075186622;0.047878469;20180404_185221;71.91886029;20.33553608
90;0.039398101;0.055844666;0.046653562;0.078924715;0.101502206;0.052982749;0.072212232;0.041767019;0.043413473;0.056243144;0.067859133;0.067997165;0.048318227;0.074401297;0.080515169;0.057631517;0.063159751;0.045084506;20180404_185221;68.10619909;19.25053307
91;0.038727417;0.06546283;0.054163339;0.088861257;0.11355751;0.077126218;0.077665347;0.046645353;0.044154731;0.063037209;0.066246414;0.060377044;0.060640867;0.080066142;0.133813137;0.071418316;0.067107189;0.048909377;20180404_185221;78.27094565;20.86095859
92;0.05460141;0.036477226;0.052498644;0.05664876;0.072211198;0.029103435;0.04855859;0.043468204;0.04376913;0.041527867;0.040408647;0.033072402;0.052926675;0.062604736;0.081011048;0.028234166;0.050124032;0.036686448;20180404_191309;72.0341924;20.70510273
93;0.056471889;0.035253752;0.042266707;0.058424018;0.073096977;0.032716006;0.055325617;0.043383053;0.044547483;0.034495939;0.034809775;0.031791457;0.041042415;0.063291915;0.081253243;0.033593266;0.050411186;0.044652786;20180404_191309;73.49451197;18.04623386
94;0.062746402;0.047059659;0.062838943;0.069824856;0.075714629;0.041731663;0.047055005;0.059581517;0.064102598;0.056379473;0.057959535;0.038171242;0.057201742;0.07415675;0.080281821;0.042752319;0.058374274;0.066122207;20180404_191309;70.72765896;17.76963027
95;0.059405272;0.034387746;0.075201417;0.058292988;0.067310816;0.030910892;0.052792144;0.048456055;0.053231731;0.047273461;0.045805075;0.040309739;0.054301681;0.062063534;0.095984922;0.030739071;0.053508129;0.051914806;20180404_191309;70.5009893;17.19130165
96;0.040299782;0.064403218;0.032399669;0.079011213;0.090782629;0.056947265;0.07539949;0.025004414;0.022707658;0.049435914;0.048388955;0.072640284;0.032383129;0.082762219;0.083248502;0.062369585;0.077255622;0.025084822;20180404_191352;70.50870256;18.97952181
97;0.050717925;0.059338529;0.0361075;0.085085982;0.083528116;0.059473648;0.071110996;0.017811506;0.016103504;0.058612092;0.052556362;0.053398509;0.036483093;0.087421896;0.081745273;0.059128305;0.068610983;0.017559041;20180404_191352;72.28350585;18.74943266
98;0.047140041;0.068029132;0.039866302;0.0766101;0.094744632;0.051694872;0.065860929;0.026109788;0.025062995;0.054969723;0.053131781;0.079281992;0.032946;0.082091273;0.083804062;0.058274243;0.071402075;0.025513171;20180404_191352;70.84878625;17.91116021
99;0.049316544;0.05982116;0.039530557;0.07870435;0.085614438;0.05797398;0.073423769;0.01959815;0.020061239;0.050290958;0.044780873;0.055259042;0.028393548;0.086392817;0.090385617;0.056395185;0.072256338;0.02029165;20180404_191352;72.24913055;17.73065563
100;0.01981129;0.047201264;0.019951703;0.07037859;0.091942087;0.034193215;0.06676674;0.041977124;0.044526472;0.024358715;0.021806454;0.058516169;0.020332779;0.081845867;0.087519933;0.035841923;0.068697644;0.046577513;20180404_191440;63.9642215;22.55308487
101;0.046263416;0.063668258;0.012762295;0.082312323;0.099917046;0.035955618;0.06510987;0.057219364;0.055384567;0.032416956;0.02594119;0.059701388;0.031502846;0.079276519;0.110975371;0.036414432;0.064522236;0.05098936;20180404_191440;65.20788627;20.74227391
102;0.058279963;0.054068975;0.050336676;0.087364023;0.105639487;0.036199272;0.064897791;0.069271298;0.070003079;0.042644422;0.045411312;0.075368164;0.036633919;0.089779539;0.10687596;0.042364516;0.066917217;0.071845821;20180404_191440;70.2815216;20.6512976
103;0.051812156;0.065731712;0.026254357;0.080197049;0.104553293;0.037223421;0.066721017;0.056967272;0.053530057;0.02454887;0.024721434;0.055851609;0.024210072;0.090746667;0.113918028;0.035128253;0.064747467;0.049722108;20180404_191440;66.69529348;20.84758266
104;0.030075976;0.037812975;0.034455057;0.073432616;0.077426047;0.034995425;0.055765093;0.060181219;0.062674207;0.039390416;0.028971274;0.049846715;0.029713604;0.0725288;0.07139728;0.038052228;0.065284797;0.062968784;20180404_191535;67.77407193;20.9858151
105;0.002730437;0.03656141;;0.05535716;0.051780197;0.030436105;0.034473921;0.048240316;0.052865033;0.050697997;0.037152743;0.033427988;0.03725952;0.056640953;0.086029057;0.029304873;0.035205131;0.043466388;20180404_191535;65.63586267;18.46924945
106;0.048144241;0.054358535;0.048977587;0.071251254;0.093112442;0.038874188;0.064595854;0.068284492;0.072602408;0.046614325;0.050913961;0.058920339;0.050059696;0.073680345;0.086093581;0.044449654;0.072653239;0.072692933;20180404_191535;64.74685034;19.3794211
107;0.042087011;0.046443154;0.014829886;0.06742236;0.082244381;0.029075325;0.054471692;0.051578738;0.05005292;0.040004749;0.043850733;0.040406609;0.03519796;0.0589052;0.079567207;0.035645915;0.054919449;0.04652998;20180404_191535;72.18745599;19.3645365
108;0.053066795;0.055227598;0.046121942;0.078941966;0.087652074;0.057233733;0.075576405;0.017153001;0.017342875;0.056522932;0.050602056;0.049280075;0.045132376;0.082329331;0.072514749;0.064145942;0.075132195;0.017876202;20180404_191615;67.85173815;19.45445521
109;0.059295394;0.067259171;0.051418643;0.065974852;0.077730325;0.065287677;0.067871934;0.023515089;0.022862283;0.069314261;0.070014711;0.065050706;0.050169056;0.061567861;0.098748362;0.063802042;0.066005805;0.020861887;20180404_191615;73.45612975;18.64459753
110;0.049528575;0.056169498;0.04543207;0.09133402;0.086305319;0.056548179;0.083679533;0.020725524;0.021807558;0.060431538;0.068132389;0.054875245;0.038731407;0.089448673;0.077703763;0.062897953;0.072746579;0.022616129;20180404_191615;69.20494432;18.72299532
111;0.055990567;0.060604248;0.054024996;0.100359251;0.075711672;0.066812959;0.079077869;0.024825704;0.026529204;0.06970242;0.066463599;0.060506674;0.046984216;0.082032704;0.090587538;0.063552488;0.078294656;0.028687522;20180404_191615;70.06796941;17.64689207
112;0.036599952;0.058694667;0.047846021;0.086071298;0.08718995;0.033307462;0.066214625;0.059572801;0.061427263;0.049932805;0.064233868;0.074674442;0.030888852;0.08833447;0.084713574;0.044828384;0.066920441;0.062836912;20180404_191657;62.13073422;21.15392228
113;0.038735959;0.071403628;0.048925787;0.09055712;0.111967501;0.050038342;0.071334375;0.067347574;0.062797237;0.056363029;0.031231619;0.057097535;0.044662056;0.075046935;0.118398673;0.048554881;0.062649761;0.056217816;20180404_191657;65.73687498;20.25937248
114;0.038304335;0.054223333;0.044200597;0.077371144;0.087709712;0.041568215;0.050020254;0.067327679;0.070223471;0.048435442;0.026816044;0.066070405;0.033340069;0.06994359;0.094812001;0.044010879;0.057054454;0.071389693;20180404_191657;73.60894484;19.79282163
115;0.036684986;0.064781296;0.033555387;0.082904182;0.102201;0.035127999;0.069531661;0.057473113;0.054787799;0.03571548;0.021819306;0.062400035;0.025318202;0.092200966;0.123649238;0.04298973;0.065993725;0.048564871;20180404_191657;65.41794503;19.69012005
116;0.030532306;0.050037914;0.031872719;0.077452848;0.09094653;0.026638898;0.058574245;0.061384837;0.060166528;0.029251719;0.01509748;0.048990594;0.027443627;0.070861984;0.067251287;0.027867052;0.060820591;0.056559345;20180404_191910;73.00112197;21.79349551
117;0.048341749;0.063260251;0.03035934;0.066319288;0.096130806;0.029455382;0.057496851;0.054683823;0.050597869;0.028874706;0.019622102;0.045728672;0.028534565;0.073786356;0.088170281;0.038006433;0.056943754;0.048003756;20180404_191910;65.60918355;20.63667815
118;0.030782359;0.048450006;0.036349734;0.072718218;0.084020917;0.030101439;0.047142148;0.057306486;0.060649209;0.03524728;0.020888376;0.054296564;0.032892653;0.070941981;0.076321711;0.032823102;0.052164284;0.062973847;20180404_191910;70.63369672;20.40182398
119;0.033206447;0.05672898;0.024003046;0.061720411;0.080492229;0.027348252;0.055176742;0.05259619;0.051448058;0.024484657;0.021502838;0.046147201;0.028468319;0.065881466;0.06951916;0.031222806;0.053634872;0.049452854;20180404_191910;68.90896272;19.22169018
120;0.054196985;0.030005292;0.06074403;0.035586932;0.058813055;0.021118833;0.029509311;0.025392058;0.024568707;0.05986835;;0.030833437;0.061193704;0.055073443;0.060689256;0.019874963;0.030606366;0.028765318;20180404_192021;75.54138565;22.16604012
121;0.043207639;0.054136369;0.057871294;0.034960113;0.082808169;0.019459789;0.043924133;0.034355727;0.02544214;0.042252287;0.039021855;0.032493674;0.049547994;0.050982287;0.061044613;0.023122102;0.041539382;0.026407062;20180404_192021;67.4132522;20.12557516
122;0.056553051;0.039110091;0.062824934;0.039733268;0.06180529;0.022270251;0.042394745;0.028232434;0.028403922;0.050341872;0.018063949;0.035761988;0.058894547;0.041982284;0.057384825;0.022735482;0.046289765;0.02943051;20180404_192021;68.59584012;19.97076455
123;0.070809484;0.044483662;0.04069258;0.032762684;0.085512562;0.019323171;0.039337517;0.028800911;0.02370606;0.037239485;0.037436061;0.033011987;0.040157948;0.053454667;0.064716604;0.022175257;0.043046599;0.025537266;20180404_192021;67.81345717;20.07269549
124;0.045867431;0.042022866;0.051609918;0.079381906;0.064187625;0.042533741;0.073787332;0.027578355;0.02913549;0.063771408;0.057973436;0.052640819;0.04241107;0.080984725;0.078545238;0.051503649;0.073210404;0.030490433;20180404_192104;71.84683776;20.2064978
125;0.052334916;0.053352686;0.065418483;0.066854497;0.082633266;0.056936402;0.062420053;0.03125125;0.023577625;0.069939253;0.065235936;0.046556049;0.050767407;0.082973253;0.077473166;0.05299569;0.066251781;0.025653828;20180404_192104;68.94524485;19.40072582
126;0.05103444;0.051446331;0.049403424;0.074552972;0.055938273;0.043745048;0.070470012;0.030168689;0.03263677;0.061627502;0.057327217;0.072677688;0.043411971;0.082817944;0.069810451;0.05573098;0.06972406;0.036752522;20180404_192104;74.30442671;17.9036209
127;0.044994431;0.046197197;0.048078853;0.068862481;0.065916123;0.047338381;0.067471416;0.025051085;0.025012237;0.044348728;0.041598066;0.050719026;0.032694757;0.084012979;0.074175855;0.05038301;0.069304054;0.028996191;20180404_192104;81.74968841;17.96353834
128;0.043442718;0.020858644;0.040390549;0.064436191;0.06980622;0.032504927;0.045760597;0.023400205;0.028644119;0.033397217;0.036863457;0.037111447;0.038498921;0.063032669;0.051624882;0.035241709;0.049285186;0.033413594;20180404_192204;80.17004385;-21.98153638
129;0.036481583;0.043382169;0.03809959;0.064462148;0.078598232;0.033271791;0.048503719;0.044955863;0.038971579;0.036089314;0.01191352;0.043386569;0.038547899;0.068296182;0.044746383;0.036831148;0.049401565;0.04876793;20180404_192204;72.29572381;-20.14427671
130;0.042877567;0.044912931;0.03541565;0.062366095;0.074984528;0.032787185;0.053805009;0.039099094;0.036791273;0.028848282;0.029414511;0.036161056;0.035735382;0.079501357;0.060282117;0.035951156;0.052818893;0.03577479;20180404_192204;68.5763244;-20.67829717
131;0.0454249;0.048820893;0.039248336;0.080285132;0.05712217;0.048427994;0.07405704;0.02812334;0.030659524;0.052148752;0.045568673;0.057295777;0.029522874;0.077402667;0.070934901;0.053826602;0.076393225;0.029413239;20180404_192300;75.49034331;20.84223739
132;0.066282868;0.027909691;0.02887033;0.053577312;0.07508893;0.049041002;0.058151267;0.018074801;0.019042387;0.045084646;0.030883878;0.042880665;0.025524047;0.074615759;0.069610916;0.046237123;0.061788653;0.019708938;20180404_192300;70.67337723;20.37288249
133;0.046476577;0.058556954;0.041524115;0.048871733;0.056589158;0.039451695;0.051147105;0.031215371;0.031607843;0.046410602;0.042039358;0.069048974;0.027416674;0.054320013;0.067052797;0.045941488;0.057189062;0.034846939;20180404_192300;77.00418061;17.46746301
134;0.044956031;0.049485228;0.041131106;0.067657832;0.062684994;0.048649831;0.06413108;0.027409256;0.026412597;0.043285389;0.032487375;0.052793148;0.028112955;0.07469078;0.065622928;0.050503702;0.062127091;0.025832331;20180404_192300;79.39349137;17.90059103
135;0.029380062;0.039794415;0.038062327;0.067711235;0.070971503;0.025491584;0.053822621;0.052974332;0.054698396;0.026940523;0.029891957;0.03731986;0.024877158;0.065617017;0.062204475;0.030094618;0.059002654;0.05851641;20180404_192512;77.07621666;20.58141127
136;0.018214154;0.04124175;0.023298186;0.067130037;0.052088718;0.030527727;0.065996418;0.053959982;0.053680063;0.019013382;0.021640188;0.045130104;0.022743456;0.059676062;0.052113514;0.03376411;0.060363935;0.052608692;20180404_192512;77.36373312;20.39440568
137;0.02275974;0.044842211;0.031749221;0.060936155;0.072580925;0.027501915;0.05279311;0.052852178;0.054412395;0.023779486;0.025082666;0.046356313;0.024707685;0.060207988;0.073978142;0.036331699;0.063610476;0.056835953;20180404_192512;73.70749313;19.68305574
138;0.026122753;0.034030869;0.026118927;0.063630163;0.049842644;0.021389186;0.051061641;0.043874367;0.043596876;0.016996003;0.016271439;0.038287637;0.016330279;0.059575166;0.055870628;0.025786905;0.053711659;0.042603616;20180404_192512;74.57768754;20.59091429
139;0.03454866;0.029437111;0.039780961;0.074644731;0.068975165;0.020303121;0.054294038;0.028795147;0.031313438;0.02787296;0.056919096;0.034367768;0.04527347;0.080713569;0.064095664;0.02049784;0.054807608;0.040806339;20180404_192559;72.76687164;20.19753739
140;0.018817422;0.030483254;0.025069265;0.067023314;0.09144673;0.020363314;0.037417337;0.033204014;0.031989902;0.016779469;0.026693102;0.035197384;0.023780453;0.069632099;0.080280137;0.021687503;0.043564824;0.041253624;20180404_192559;69.96991382;19.373213
141;0.034115493;0.032565484;0.036943437;0.070395015;0.072658859;0.025277492;0.041521146;0.030885232;0.03522891;0.031253792;0.026869351;0.032665523;0.042170206;0.070563817;0.069476405;0.022747455;0.049551668;0.038714819;20180404_192559;72.12826074;18.26953226
142;0.041201594;0.029345619;0.02890842;0.072807203;0.078611141;0.025276293;0.040081083;0.036180082;0.034828003;0.026567438;0.038924906;0.03244512;0.043340964;0.079507746;0.070986872;0.025579759;0.041321128;0.041007282;20180404_192559;77.18945028;19.40450897
143;0.03781201;0.01226039;0.042538954;0.014150636;0.043525859;0.018842987;0.014748931;0.020205741;0.022358735;0.025402843;0.02897531;0.015634373;0.043022728;0.019089431;0.04523576;0.01572411;0.014338714;0.022802102;20180404_192559;90.31188603;3.185355725
144;0.039581859;0.056022041;0.038257231;0.067502801;0.062061671;0.035582539;0.065378999;0.030935852;0.030097611;0.05267502;0.022540671;0.064007149;0.031157308;0.072428371;0.05295078;0.039579103;0.072751264;0.026520645;20180404_192703;75.75392732;21.74752964
145;0.062037319;0.058606926;0.063591233;0.07088552;0.064900852;0.046183518;0.065327936;0.023411827;0.022743834;0.068325439;0.050396333;0.060528522;0.040115008;0.063200683;0.075515911;0.049578078;0.065191812;0.02600182;20180404_192703;75.62587409;20.17719843
146;0.040772756;0.068457937;0.051758415;0.077724567;0.070645998;0.054103425;0.07692172;0.040631725;0.040014067;0.059076673;0.026105971;0.087051821;0.03643607;0.077037859;0.075513938;0.051516813;0.077919072;0.043724086;20180404_192703;70.94200706;20.65251277
147;0.048506812;0.056400403;0.046627872;0.068592134;0.048956259;0.036365078;0.063942472;0.033745838;0.028025059;0.056386364;0.041451351;0.053555622;0.041414657;0.064526066;0.070649323;0.042169712;0.064049673;0.026236624;20180404_192703;75.09695584;20.22834349
148;0.039485075;0.042174333;0.041619294;0.067728672;0.083802475;0.032674076;0.073060968;0.058714993;0.061276726;0.030502105;0.021659102;0.042504864;0.031573932;0.073838486;0.054581554;0.034241901;0.068808918;0.062944715;20180404_192754;75.5849176;22.47880895
149;0.037921219;0.035280523;0.02506526;0.073312951;0.07225198;0.033400864;0.062622688;0.055703642;0.056023474;0.023153641;0.024879358;0.046991731;0.025799301;0.064973931;0.084583983;0.03516606;0.063594958;0.054499551;20180404_192754;78.25828504;20.73035674
150;0.034535218;0.034204071;0.042021632;0.059549015;0.084448995;0.027372575;0.044202984;0.053396077;0.052490126;0.027557797;0.030092438;0.033072051;0.039264489;0.063579761;0.069728355;0.029658495;0.051684619;0.058573806;20180404_192754;78.79421404;19.76064042
151;0.031595518;0.034645494;0.017536021;0.075955917;0.060332023;0.033608429;0.067912105;0.046355855;0.045733662;0.017974178;0.019619171;0.042579968;0.020622644;0.066813584;0.078489893;0.035181409;0.066978406;0.045488709;20180404_192754;74.9512743;20.65814466
152;0.02974838;0.035827286;0.032664569;0.052921418;0.058374671;0.016200673;0.051981295;0.03775816;0.043140405;0.025814213;0.012082684;0.033858637;0.034630233;0.052541903;0.039701166;0.015050913;0.050997096;0.048170287;20180404_192849;70.3392621;20.57708859
153;0.029095553;0.042809853;0.027390935;0.060339299;0.086544956;0.025363184;0.045085107;0.050200565;0.051377979;0.027080787;0.02475054;0.04791389;0.025511979;0.065645552;0.072577068;0.026525959;0.044244209;0.054320361;20180404_192849;72.77361108;19.34009035
154;0.03790872;0.032269527;0.04355457;0.063797039;0.058278656;0.022654514;0.038390605;0.044609537;0.051249508;0.036306794;0.027635016;0.038236997;0.038567713;0.064193122;0.056901424;0.023318594;0.043672854;0.053726189;20180404_192849;72.7367825;18.46771847
155;0.041199431;0.039059197;0.031639618;0.064670265;0.084803128;0.022326995;0.048417286;0.038822721;0.036616311;0.020838984;0.029602146;0.032342572;0.028441274;0.071498961;0.068743775;0.026278979;0.046500203;0.042637758;20180404_192849;73.06476354;19.24522403
156;0.05114421;0.061918887;0.059284434;0.06987064;0.068696111;0.04325565;0.06231202;0.036433128;0.034265908;0.070472435;0.013859405;0.071922539;0.050474548;0.077326851;0.066324403;0.047088914;0.067129695;0.034189318;20180404_192938;73.38052545;21.61172035
157;0.057806574;0.062201352;0.066982712;0.070876586;0.06636145;0.044738163;0.066152556;0.028978252;0.027515099;0.068466752;0.037722861;0.052353145;0.03955969;0.063538543;0.062309984;0.040021472;0.069652111;0.02741689;20180404_192938;80.14639958;20.65555476
158;0.055150925;0.069833586;0.041664972;0.068421039;0.098364747;0.049303695;0.065363238;0.035777794;0.034237866;0.066774627;0.027238089;0.079524161;0.037142374;0.078596651;0.058410909;0.051130977;0.076601091;0.035215947;20180404_192938;74.61441821;20.22710442
159;0.046333151;0.062179404;0.063595902;0.076501863;0.0680055;0.045436195;0.066918408;0.028883747;0.030800117;0.065509378;0.045816784;0.058302431;0.047522836;0.068367298;0.072899355;0.049668033;0.07212691;0.028204597;20180404_192938;80.7436182;21.00339553
160;0.031998213;0.069443905;0.039926237;0.073794923;0.099577905;0.046846449;0.057563929;0.049748943;0.049532644;0.038089715;0.022577994;0.085549787;0.031491762;0.075209129;0.089886966;0.045906322;0.063832081;0.053942793;20180404_193236;71.19846057;20.65936977
161;0.032863053;0.058572218;0.036456534;0.063521342;0.08005381;0.038034256;0.058270816;0.037964607;0.037899135;0.039120736;0.024146615;0.049847776;0.028208718;0.069919166;0.071819519;0.040339763;0.052225574;0.034195832;20180404_193236;69.34047882;21.43644917
162;0.034313931;0.058468035;0.041972248;0.06903183;0.080158983;0.037680391;0.055588094;0.047175639;0.042493181;0.042439991;0.023274015;0.076249717;0.035631279;0.07107882;0.080166878;0.050609138;0.05969594;0.037623193;20180404_193236;72.36307918;20.39387078
163;0.032136818;0.062941388;0.046676616;0.066899918;0.091411976;0.044909125;0.058976843;0.032482938;0.02764302;0.036638116;0.023897379;0.050274668;0.026638675;0.076309916;0.078082508;0.043595661;0.056427488;0.024404733;20180404_193236;69.24244504;20.60654007
164;0.076607591;0.067199967;0.078393833;0.069233698;0.092622394;0.048546295;0.055536723;0.039980747;0.04060212;0.07838844;;0.069381358;0.07458849;0.083478193;0.074114526;0.058036513;0.076173084;0.032473714;20180404_193356;67.6897004;22.63667366
165;0.089713772;0.081126937;0.016068423;0.059169079;0.099971762;0.036279505;0.044376976;0.038600001;0.032930404;0.094005466;0.084088358;0.069172546;0.094898417;0.067994667;0.088026624;0.033783287;0.055631202;0.03303233;20180404_193356;63.97344323;20.53238102
166;0.084693099;0.067801162;0.091451218;0.071759136;0.100585818;0.047543548;0.068468838;0.038308978;0.026511756;0.090874134;0.01698055;0.06385602;0.081737011;0.08361055;0.072070798;0.048071829;0.074132714;0.030590734;20180404_193356;68.38926378;20.38536491
167;0.059678477;0.066878227;0.076333581;0.063436589;0.093577664;0.039948038;0.050343302;0.032248604;0.028945937;0.071213646;0.066591626;0.051851601;0.071621291;0.061170229;0.087289345;0.039912294;0.060116994;0.027851433;20180404_193356;66.11144633;20.72075729
168;0.044609181;0.03410555;0.044959992;0.098318259;0.086278052;0.048734464;0.071166163;0.031853107;0.036114505;0.039649735;0.016404501;0.038225971;0.052370163;0.091693275;0.080368003;0.046828161;0.060431656;0.034185058;20180404_193444;73.49854109;20.97012186
169;0.046342772;0.047931862;0.035894057;0.077215437;0.095011796;0.052300499;0.06368754;0.025482646;0.024217955;0.042107936;0.032818451;0.039120269;0.043992576;0.099508263;0.091256753;0.049752227;0.063266155;0.024919082;20180404_193444;66.47886669;20.54240112
170;0.046135626;0.037863663;0.05060434;0.085335723;0.077597225;0.048700532;0.064529128;0.033154941;0.037428184;0.051642991;0.047733978;0.040172732;0.048755428;0.087739744;0.093095448;0.050299971;0.060511742;0.039823662;20180404_193444;72.69190893;19.90602618
171;0.041145752;0.039333739;0.056099988;0.084225751;0.081826805;0.05035643;0.067875702;0.036238909;0.03738227;0.047892975;0.03467542;0.040875882;0.04565668;0.095028269;0.096700347;0.048036253;0.06401518;0.037658775;20180404_193444;69.44299383;19.78141804
172;0.044947558;0.058958661;0.049593036;0.074639939;0.102969671;0.043704236;0.067635943;0.055357798;0.056654759;0.051381437;0.028769636;0.060179519;0.03750914;0.073897646;0.081768419;0.053750443;0.063784181;0.054291211;20180404_193535;75.88604897;20.72654945
173;0.042637135;0.046024525;0.030399845;0.059865016;0.086836485;0.032060576;0.034135022;0.046841258;0.045962628;0.030488272;0.034150426;0.033588309;0.032241114;0.077006243;0.06417546;0.03397037;0.042392946;0.051679036;20180404_193535;69.28662868;21.51754801
174;0.057145017;0.063325117;0.069318354;0.068532395;0.104920543;0.046326917;0.053415567;0.061112649;0.061965254;0.052531676;0.042440533;0.069784955;0.05079149;0.075842647;0.087655795;0.05260812;0.057065167;0.0646674;20180404_193535;70.41967242;20.32640416
175;0.037665867;0.048560317;0.044787346;0.076144439;0.08373679;0.032965098;0.051124626;0.050566288;0.048728843;0.041284222;0.042577299;0.037168914;0.0419274;0.089394481;0.080916435;0.032552244;0.05339405;0.044742849;20180404_193535;67.30433199;20.95635701
176;0.062359456;0.064196756;0.077438212;0.065227173;0.09558025;0.043700931;0.058909647;0.052621201;0.043844854;0.078574143;0.092824566;0.076220369;0.07385092;0.090317868;0.089820026;0.03924893;0.071066603;0.035679422;20180404_193621;71.39623096;22.51263064
177;;0.080811194;0.113017681;0.044756889;0.107918149;0.037596097;0.032212753;0.044603043;0.039981326;0.09743397;0.065428279;0.064981354;0.050336684;0.080746094;0.096507101;0.037523513;0.055980452;0.036409564;20180404_193621;63.41115048;20.831347
178;0.092961756;0.077435448;0.101148962;0.056556265;0.113110059;0.03660385;0.048399375;0.060908116;0.04085878;0.093395393;0.111811736;0.083486128;0.073920964;0.075206741;0.118945135;0.046188238;0.061437775;0.041040713;20180404_193621;75.05254969;19.54172917
179;0.071441493;0.074333208;0.07569438;0.059445097;0.098716748;0.034246639;0.05868435;0.040277244;0.03336486;0.073288326;0.052183293;0.054370915;0.061957935;0.074970647;0.102540487;0.03596775;0.067554117;0.02952255;20180404_193621;63.86812987;20.03504407
180;0.044243105;0.035876559;0.049833678;0.087171815;0.086226122;0.04842943;0.068351973;0.044058954;0.042690082;0.049114021;0.057875886;0.046139221;0.040544505;0.09037483;0.073891073;0.04982965;0.061785212;0.042119354;20180404_193711;70.13095984;20.30042469
181;0.051619194;0.046382129;0.035852219;0.072060735;0.084917749;0.055761757;0.058921258;0.029519819;0.032408072;0.055591562;0.041722217;0.041872797;0.051372233;0.09816084;0.083335618;0.047395458;0.052216372;0.033921059;20180404_193711;66.79684884;21.06499409
182;0.043083754;0.039118132;0.050623395;0.086357291;0.086969793;0.052673367;0.069865428;0.038115131;0.038302483;0.050046091;0.043096543;0.044822321;0.048229966;0.086323688;0.08092067;0.048077496;0.064127231;0.037858353;20180404_193711;70.87471448;20.39295079
183;0.053585223;0.045878188;0.03825325;0.087110253;0.087010961;0.05337776;0.061254957;0.031893197;0.032982357;0.041810774;0.032952439;0.040661847;0.042146589;0.10194966;0.084843925;0.045423495;0.053890468;0.034434258;20180404_193711;70.67934901;20.56773039
184;0.036472264;0.039003752;0.040876691;0.045278123;0.087319271;0.029078117;0.030238266;0.03328075;0.03349454;0.039717097;0.051771391;0.040919876;0.040282772;0.038582363;0.072295575;0.028874021;0.04040872;0.031315975;jeroengeurds_25081990_176_73_16500;73.1519205;23.65484359
185;;0.048729891;0.031889466;0.033950725;0.071897014;0.021488057;0.027826183;0.031156345;0.027743342;0.042420889;0.032338592;0.028257451;0.036422501;0.040954086;0.080254863;0.021377815;0.029990073;0.028239708;jeroengeurds_25081990_176_73_16500;68.87946341;21.53741379
186;0.041453515;0.038142638;0.044560885;0.039455459;0.060064431;0.028576178;0.036883688;0.033323938;0.037100531;0.049289133;;0.039901677;0.04545907;0.04893271;0.088297914;0.030908811;0.033481808;0.034384935;jeroengeurds_25081990_176_73_16500;72.12451182;22.84942998
187;0.036952135;0.056512769;0.028023402;0.048520421;0.094986054;0.027069723;0.030230139;0.031153228;0.028452669;0.029348402;0.025321733;0.042215228;0.032235651;0.056101913;0.116249637;0.023916252;0.033644946;0.029446047;jeroengeurds_25081990_176_73_16500;76.9728222;21.94286028
188;0.022727601;0.027119943;0.022136673;0.033545185;0.051021233;0.025226429;0.035216612;0.017061392;0.017927599;0.025138618;0.01448482;0.020642357;0.029966902;0.044573265;0.048170338;0.027430845;0.034151616;0.016981477;jeroenkrol_28121995_184_80_16500;74.7262436;20.89816161
189;0.012939203;0.020841277;0.016387829;0.036773093;0.050251148;0.018586892;0.042674542;0.01716564;0.013252915;0.016340605;0.01127828;0.02223619;0.018766326;0.03625172;0.044787257;0.024617985;0.037612311;0.019849722;jeroenkrol_28121995_184_80_16500;74.81482483;19.74697835
190;0.028470602;0.024622585;0.029452504;0.024605716;0.043655928;0.022539089;0.037865758;0.022251636;0.025247507;0.025106124;0.012937578;0.032633706;0.038728418;0.033012794;0.05166488;0.022305685;0.034393695;0.02596382;jeroenkrol_28121995_184_80_16500;70.32731408;18.43447224
191;0.011128316;0.021064574;0.013007986;0.026491209;0.047988983;0.01798465;0.043572381;0.012535614;0.01413408;0.019116957;0.013617364;0.026645588;0.019104554;0.038728331;0.056940572;0.020554607;0.040332305;0.013798113;jeroenkrol_28121995_184_80_16500;73.48808286;20.21086808
192;0.046335474;0.031839475;0.052954977;0.034103523;0.070032472;0.023868661;0.032160661;0.036067491;0.043586406;0.056941912;;0.051707206;0.060618907;0.041036465;0.069866503;0.026607093;0.035303924;0.044641102;michael_30121992_186_90_16500;64.2345004;23.98197407
193;0.055237548;0.043659638;0.061213595;0.024974634;0.059126261;0.028421701;0.028250749;0.037212114;0.026388009;0.055717911;0.048612767;0.035557523;0.055915045;0.048068354;0.050771502;0.019186433;0.031007155;0.02439276;michael_30121992_186_90_16500;65.79355967;22.88962773
194;0.047655948;0.039941416;0.069079221;0.035069789;0.069183567;0.023307439;0.037567443;0.040794119;0.049418379;0.076063014;;0.057832209;0.082752397;0.03833814;0.068808985;0.029059369;0.038399836;0.052459553;michael_30121992_186_90_16500;67.1878717;22.50776127
195;0.068722791;0.045176116;0.072324377;0.030903706;0.073323684;0.026030838;0.035952007;0.039493952;0.02968186;0.053964164;0.05095624;0.036527248;0.067858157;0.050538058;0.049130454;0.024915825;0.032091916;0.02969834;michael_30121992_186_90_16500;65.80666206;22.62925133
196;0.027435131;0.041194334;0.03159416;0.033005702;0.064524863;0.026540145;0.037192647;0.02463741;0.031720524;0.035489141;0.034701896;0.054041113;0.035562702;0.033833264;0.066074504;0.030971706;0.037770165;0.039059096;miel_01111993_170_68_16500;64.2491421;22.79456743
197;0.036352065;0.04780661;0.038189699;0.039469056;0.064793977;0.027799816;0.042715771;0.034973263;0.024041702;0.03934454;0.024776281;0.061011224;0.031390851;0.05427193;0.087311306;0.024971947;0.041613613;0.030588017;miel_01111993_170_68_16500;57.50225295;22.32304359
198;0.03351323;0.031150002;0.038212947;0.038675713;0.07519118;0.031721024;0.041004282;0.028194829;0.030235463;0.04057707;0.059521769;0.047922718;0.032419128;0.034558233;0.057044071;0.038882406;0.041215169;0.047232179;miel_01111993_170_68_16500;63.28938487;21.60193627
199;0.049506153;0.033751478;0.034628717;0.037559324;0.078648818;0.030110901;0.043590357;0.032092116;0.018989084;0.035730792;0.029567861;0.051963599;0.029507469;0.065792366;0.084147074;0.036636266;0.041008295;0.024725912;miel_01111993_170_68_16500;63.00544918;21.98467951
200;0.018477963;0.04353832;0.018958763;0.043180732;0.086706936;0.029879793;0.041903544;0.028996151;0.029576657;0.020907237;0.027128016;0.053517695;0.031723076;0.046467441;0.211099845;0.028491634;0.03787149;0.029318799;nickblok_21101993_186_85_16500;70.41171992;22.61278513
201;0.020969404;0.053460126;0.020923412;0.039894255;0.136822521;0.031471029;0.036290854;0.026811946;0.022400906;0.027941821;0.019710292;0.034169812;0.020485988;0.059397345;0.093629555;0.032725285;0.028893887;0.024531538;nickblok_21101993_186_85_16500;74.31512262;20.91185922
202;0.016586758;0.045359447;0.023951755;0.049621234;0.11008939;0.028923212;0.053668925;0.026264411;0.025986198;0.025437883;0.026906847;0.048128417;0.024683693;0.055609528;0.214846561;0.028682835;0.033243045;0.018727078;nickblok_21101993_186_85_16500;75.5545253;20.72641706
203;0.022316102;0.049523536;0.025502132;0.039021099;0.116368357;0.027287004;0.038687354;0.028231756;0.028694999;0.023543698;0.02236787;0.040515652;0.026804314;0.0580566;0.130131689;0.027945755;0.034124325;0.027769891;nickblok_21101993_186_85_16500;76.36122778;20.23413647
204;0.033300951;0.035045541;0.042683264;0.053315454;0.069234172;0.02336484;0.039447155;0.026262217;0.029047398;0.034902861;;0.046085065;0.04904212;0.041444044;0.070576896;0.024217138;0.042730946;0.029263077;nickbrand_31071995_195_78_16500;70.8026058;22.88205531
205;;0.043030119;0.033418572;0.05719642;0.076149733;0.033191603;0.03864418;0.035986851;0.035923848;0.028599279;0.029423931;0.02878189;0.03345915;0.046963428;0.069418866;0.025694345;0.034618505;0.030307662;nickbrand_31071995_195_78_16500;69.53302696;21.06133669
206;0.03580543;0.039637527;0.038677198;0.054546833;0.079725957;0.025183043;0.037002148;0.022108993;0.031909037;0.035794413;;0.044393321;0.049421831;0.052280529;0.068231554;0.024326349;0.039291628;0.031913042;nickbrand_31071995_195_78_16500;69.60734994;20.76175777
207;0.007925461;0.037356319;0.042331861;0.043159542;0.072838102;0.030618889;0.041565734;0.033605072;0.030814682;0.048950364;0.038392668;0.033443488;0.044550048;0.054432498;0.053508339;0.027029532;0.041221714;0.030734259;nickbrand_31071995_195_78_16500;75.23950245;19.86613072
208;0.016351515;0.026510412;0.017227468;0.037824001;0.092951007;0.015081085;0.021294566;0.017654199;0.01456853;0.013783941;0.020170439;0.031784013;0.021127238;0.042332164;0.070889609;0.021498725;0.019115994;0.020713053;rob_21071992_180_78_16500;75.23949303;22.67820852
209;0.022581288;0.032684011;0.025539775;0.049090064;0.063894014;0.018381028;0.030528149;0.020959842;0.019419169;0.027700539;0.023822435;0.028630873;0.027830636;0.033279093;0.061871256;0.01973378;0.026097737;0.019284964;rob_21071992_180_78_16500;74.05113406;20.1345976
210;0.022788843;0.0258749;0.020056467;0.040270374;0.075359077;0.018351834;0.021703566;0.018062193;0.016694625;0.021662338;0.018688395;0.028347901;0.023857228;0.039395601;0.072717277;0.018816083;0.021867297;0.02171581;rob_21071992_180_78_16500;73.72727875;20.9087612
211;0.020238474;0.035092769;0.016675667;0.057225482;0.057322506;0.018929327;0.028047024;0.015893048;0.012345458;0.020439219;0.017358291;0.02609121;0.017832328;0.036166292;0.06342861;0.017278594;0.025710684;0.016877604;rob_21071992_180_78_16500;75.03478952;21.70255464
