,Left Ear,Left Elbow,Left Eye,Left Foot,Left Hand,Left Hip,Left Knee,Left Shoulder,Neck,Nose,Right Ear,Right Elbow,Right Eye,Right Foot,Right Hand,Right Hip,Right Knee,Right Shoulder,source,Forward_leaning,speed (km/h)
0,0.04567306392742408,0.05125409011136271,0.047478854446656824,0.05858099999201477,0.0899168779221126,0.053197249698333615,0.06073571973111746,0.04150928244816047,0.041928519450385116,0.04800957180451018,0.030796936112929735,0.05479453797943015,0.05096722901081103,0.0642222880883185,0.0901453734695218,0.05342261587658046,0.05980006598527619,0.043506747358749126,20180404_182019,72.79768928513087,19.621410694677568
1,0.042413719392749905,0.048311589585450405,0.03790000298808166,0.06198491741403413,0.06302562743945699,0.039417936952965096,0.0661171259029415,0.05156558170533593,0.050757031975652143,0.04719495994172962,0.04039177249737263,0.05765443287910486,0.046419072192245746,0.06773565544035608,0.09660727164562126,0.040361531016640625,0.06497955490857713,0.04897587660865766,20180404_182019,79.39595206100148,20.23930448335889
2,0.06522210902828354,0.057219282733540607,0.07428343889337247,0.0504815891698417,0.09192949165182987,0.04859001463477051,0.04796795418505565,0.04768001018649197,0.05133761187399759,0.06686189141262074,0.03557822917977203,0.053788159281507084,0.0744026794402121,0.05628960968119866,0.08448228769566149,0.049884253169350294,0.04757842080960037,0.04943977754396559,20180404_182019,79.23348097377243,17.710130299282934
3,0.038119049640549525,0.06200163121329513,0.05437843738088453,0.06380331980309982,0.07716066342955429,0.03887315009253515,0.05251692688322307,0.04783275339272866,0.047737013370645114,0.057480989834934104,0.052548229574736746,0.0501019951388268,0.05645837317512934,0.07288804550316698,0.09110826497331204,0.038627664544313975,0.05278698510131823,0.046676507172589456,20180404_182019,86.09313392453869,18.729363865891905
4,0.049267070016133264,0.05223153274614596,0.05195445098629727,0.048854174060230106,0.09058076371006818,0.056537304070875545,0.056944472695613126,0.033866501962634805,0.0346142093453527,0.05493441752125354,0.032615862439897135,0.05787465375443585,0.03512170333200749,0.04564242167256689,0.08043878138442788,0.05291618299800068,0.054613659729510926,0.041132503464196224,20180404_182232,71.11215334208114,20.180948282363044
5,0.04785707252672826,0.04657699641114278,0.03345308089189557,0.0618827283873988,0.07710606537162439,0.03445143399647824,0.06511930182614312,0.05095305606886321,0.049049268265090824,0.029267988660298075,0.02968272175530659,0.05566865302414392,0.03176680301111164,0.05205490908146259,0.08246674204325848,0.04098738959825037,0.0589112317443569,0.046791008983608856,20180404_182232,77.79615135756252,19.401240411431687
6,0.06161693290883147,0.052616615960212415,0.06568058111730508,0.046825871119568555,0.06612154959051511,0.05026119448857236,0.05437601291121379,0.04918117212553515,0.054590475840762334,0.06315626176142643,0.03238252667882298,0.06443732361295733,0.05315531891749631,0.04335344978641615,0.08839541285661022,0.053187305210319134,0.047513358441366456,0.05211655356348628,20180404_182232,76.82014156829146,17.587631900229656
7,0.04097909803789623,0.05776121410452965,0.0415130226384288,0.06266495594867488,0.07235017819517353,0.04154658575222966,0.057099185990210605,0.045656635838695614,0.04575890689514111,0.04825961311848644,0.042012539874704116,0.05249621971934302,0.04453385703279071,0.05982505518515199,0.09431728248489195,0.04353546664393323,0.04935250095345296,0.04453943106240501,20180404_182232,84.17399555001873,18.510013675021312
8,0.043700179891322806,0.059490768283437905,0.04366337797479849,0.062200716870548,0.10722161764685602,0.06065093171772698,0.06576343120389634,0.03926125640331051,0.04012742263766835,0.048177722874528574,0.061899209401410527,0.06590970796185633,0.0424618870487239,0.0637381042245737,0.07706380981140035,0.06121843984051373,0.06537608111805279,0.04371552738707943,20180404_182959,81.39210625710082,19.659396642093924
9,0.06084815180554076,0.062062699417541015,0.07083453594110307,0.04602812056231537,0.09025367677927514,0.059940723502547005,0.05227993558160241,0.040199820753949456,0.04022410800597642,0.08075183412062473,0.07236103403143149,0.05455337538524021,0.08272154225331918,0.0546511153093405,0.11382063565627744,0.058851627861441186,0.05509828604383185,0.039839462415733724,20180404_182959,75.37693630673976,21.19383752869003
10,0.07525959790729211,0.07715272371044447,0.09290843385956861,0.04954125599637439,0.09172472217059228,0.059919062916918876,0.06213849117939798,0.07222432082785463,0.07482131970303887,0.0994602944594209,0.10623454356454115,0.0819880120106765,0.07925672147580876,0.05338511816171932,0.0928995855183602,0.06054916287850581,0.058569568826036415,0.07179242257902249,20180404_182959,77.02303383137522,19.94937197775731
11,0.07252816827502755,0.06014575554234433,0.09783246227915512,0.05355769187735309,0.05646835375344143,0.04753018731238426,0.054350542787939236,0.057515163958897546,0.05243765190265129,0.09130129510126972,0.08531586896523205,0.07425598739021248,0.07939624922917986,0.06040810414327764,0.10949944565330891,0.047163594688678985,0.05455859462948102,0.057208058561067233,20180404_182959,70.31348827048836,19.78969498198928
12,0.05257453798361206,0.05199557886177349,0.05933480308737248,0.07644275897896258,0.07879141404781478,0.05745411778380809,0.06913900838405185,0.04569084513205853,0.04762456791878933,0.06030343757103556,0.05962177660957016,0.059893252847754985,0.05798559442382673,0.08080955261406518,0.07741469653606697,0.05938056093821937,0.0695046453004691,0.04463939280784757,20180404_183056,69.96412802453206,19.42221469094125
13,0.07036870794208226,0.05758019662613205,0.07872588256154817,0.08753409096574848,0.056978374665190686,0.044991399053905944,0.053291958584604456,0.046576236995221815,0.05158780132003685,0.07901717027215714,0.06871100788398561,0.06007964259298594,0.05926438417698902,0.07858188903595728,0.08449864114126092,0.04935174583161312,0.054162981679862096,0.047516325528187936,20180404_183056,71.36775916064644,18.744123374521006
14,0.04608798025735916,0.054420148947655386,0.05256598365163966,0.08303982934375942,0.09309331490266955,0.05871960511431222,0.07192884270882172,0.04536765568530161,0.04714952625454257,0.05542112738166241,0.04951238741193407,0.06921025946337322,0.05357632853751168,0.08238037284427348,0.09475903976907936,0.06403041532899018,0.06812059892884532,0.04967883763926412,20180404_183056,68.45901822195162,18.795634688947555
15,0.06282144329696313,0.044166288130544705,0.06619844105727786,0.07539971135753952,0.06821442120405857,0.04737820842528127,0.056202588838023336,0.04501205212572433,0.046600159985859535,0.08029340587784982,0.06642530590293427,0.055534356989544856,0.06260500442919884,0.06472542359557254,0.08506150452917852,0.0529817268685789,0.05821483646571651,0.04891073850189692,20180404_183056,75.1060284639355,18.16731246640454
16,0.048219901397308626,0.04813259081802334,0.04963343684370973,0.06891977810013672,0.07124049572448425,0.05477739625143589,0.04652962132556101,0.05206206329145375,0.05173546272753923,0.05088600442343243,0.049530002024156854,0.052149936312510164,0.055416494828187016,0.06594117549008492,0.06428709283365261,0.05552138683859105,0.05096065052045638,0.053454933024817214,20180404_183138,75.4322688949795,19.38651196497187
17,0.03886106625176889,0.052038808476852806,0.04264518052502663,0.06846163821987054,0.07138991802364504,0.05006407428797428,0.05616934845301267,0.0434452562760667,0.04708540123623088,0.043911911266253,0.04182956601868255,0.05820218383390648,0.04382980098452569,0.06970033980939547,0.0905197641372948,0.055241873034163155,0.05623596200600575,0.05037128886110428,20180404_183138,82.1209350901417,19.617047095024052
18,0.04922661817104137,0.04593654627192393,0.05189252977854987,0.06512674106036018,0.0653988379029197,0.04368669788141125,0.04517420033956124,0.04293623322659992,0.04221284366515806,0.0573805699801822,0.057149857217304645,0.04872878181229156,0.05744550019377706,0.06370510294531165,0.07095708731937761,0.04614015835003959,0.042462496635350885,0.04216119156154291,20180404_183138,81.08877566580304,19.81838610135243
19,0.04613297596127985,0.052019311066626134,0.05474416919902587,0.07814113896663391,0.07927919181477328,0.05267270914997989,0.05480751912417898,0.051494723824472656,0.04983854487433135,0.04547795230628246,0.04876212050813055,0.05961197212127938,0.05009737073324801,0.06881886265535336,0.09620367410320506,0.053114357438607,0.05734342409413096,0.05072052183671482,20180404_183138,74.64406972153402,18.357111571553194
20,0.05209547275482849,0.05839447486489502,0.06268786299698768,0.048242588241358055,0.08562644045071151,0.05315726941113845,0.0554019761381009,0.053069456739939735,0.053365497366737694,0.0736599351731765,0.0665959479476441,0.0658687464299325,0.06037598317688498,0.05216981075559387,0.07601915426480603,0.05814565322800047,0.05346547551289475,0.048570902398288894,20180404_183222,70.40077398761522,19.92657190559024
21,0.06359474650653492,0.0519033964340285,0.05993212841803236,0.04441499974289002,0.0789820604232409,0.05332054125070472,0.043386809409893506,0.04270777689892856,0.04342232099690683,0.058255643046936034,0.05451111213645144,0.052360133982681835,0.0583010102970554,0.05618178588049542,0.09741987024910204,0.05403038358722909,0.0534885918152121,0.04514127103917713,20180404_183222,71.72010692220752,20.574071121214637
22,0.0487033181489635,0.053365124521630745,0.0518098142253777,0.04723832539453801,0.07599144539533587,0.043454648928399446,0.050128128838148905,0.04577800513505261,0.04625527324395484,0.05366267661622053,0.04856692012461185,0.052568452206414866,0.06025015606026821,0.04813449694365377,0.056180366387616004,0.04393825074865257,0.050946749793893395,0.04388383080984627,20180404_183222,72.25998478106257,19.747416369236127
23,0.04028506938061075,0.0541160508259487,0.06762327143754325,0.047615601767282,0.08843461706505623,0.0437509557461708,0.04836124689787215,0.04894159721628738,0.04831015143844414,0.0644274115409724,0.06347058970500755,0.05549567585675842,0.06681405387825795,0.05997165231784761,0.09561060352368964,0.043289610588305404,0.049193880947787726,0.04980194144034484,20180404_183222,74.67354121398216,19.915152183136733
24,0.0620142995927528,0.06285356364539135,0.07062139925030875,0.08574760203021589,0.08951929004046368,0.05680948268112913,0.06859354293383176,0.0570299762256078,0.05841711904483412,0.07677441725495918,0.09014056653299336,0.08001736759417921,0.06576987511831503,0.093531275326978,0.08805009672157924,0.05987232001179073,0.06468288108294405,0.061943652410338876,20180404_183311,69.47843123777892,19.005594266212913
25,0.06699259898360534,0.05122468075387185,0.06700486733525055,0.08335050151690229,0.0707846681633253,0.04383352064354007,0.06510507672882407,0.048124449814008916,0.05604584141802004,0.06572467297570278,0.05878856927100197,0.060428021868698695,0.0478967464951636,0.07988670715882366,0.08910524300719201,0.049728185775218856,0.06365029876953096,0.05596000216527498,20180404_183311,74.96352325537711,19.71889366515904
26,0.04174888017739903,0.04909225822102095,0.04284811390041104,0.07358514583314009,0.08412755147097703,0.051177329673405395,0.06468930080243122,0.04290032662642365,0.04180376100164663,0.04283510116857666,0.0412877270132251,0.053365939451247284,0.048950335587635355,0.08525534276454315,0.07858227096288325,0.054218608066243394,0.0678580094018082,0.043188388260803214,20180404_183311,73.62419108505716,18.1176817311517
27,0.06591180766266967,0.06517935000439584,0.0734720337611789,0.07733478356907747,0.06379168730764012,0.05357409268549924,0.06823028208313733,0.049920560916600125,0.052654423643059764,0.0764951292431766,0.0754930298130238,0.07445752009805293,0.06346982347207085,0.08358707223644377,0.09724926217117802,0.056923036230598474,0.06731627128556975,0.05236610922852688,20180404_183311,69.61258602027509,16.765674563191165
28,0.03658421268149628,0.04300361005202105,0.041245512406535234,0.06342772413796695,0.06250918757006206,0.057451273808502554,0.06462822260767166,0.033450577842541976,0.035546087547343445,0.041323759166949546,0.04856929094736901,0.04859237438555155,0.04439079340142382,0.07552254374885452,0.05874647320890929,0.06055611875528912,0.06527387830212104,0.03375964111002863,20180404_183357,71.83791233232537,20.5594932821174
29,0.043171206707572136,0.04973861403694739,0.04736786645726086,0.06543720457266036,0.061775816663251513,0.045039169698563954,0.05297160047090709,0.04574091947378631,0.04893983451436515,0.04737689022270926,0.048622428024229704,0.06180039697750205,0.05400514771830571,0.0633690968034498,0.07467340554984826,0.048162377510851014,0.05562734769630614,0.050096036858307075,20180404_183357,75.14180195358138,19.555245389560397
30,0.04891808117503146,0.046996869492981735,0.0505758195816266,0.05697077719079009,0.06937835944747855,0.0542596024076969,0.05455005030579047,0.03929248288728911,0.03914745956606417,0.05423924363702748,0.05456142142983727,0.05492297213090075,0.05432768129229776,0.06860875868335879,0.06358540646068389,0.057266958318685765,0.05583932280372521,0.03754851791713909,20180404_183357,73.44425705112938,19.152700719649673
31,0.04433899305718535,0.04524238053100392,0.04715515662385848,0.05479217810885977,0.06347515412831048,0.04710079638660333,0.05426534855030795,0.04199933357181742,0.04194679342009641,0.048179055357926506,0.05330873749075149,0.048167635406762034,0.05187432685126323,0.05932069516265427,0.07615236518125804,0.04900119170220137,0.051994649994037745,0.047875431256334616,20180404_183357,83.5207232380665,18.742903339061204
32,0.04632836930910148,0.04591931200270826,0.055347583934359616,0.06928129865422938,0.07354516233929514,0.04424514357114954,0.06264997509163744,0.04511079557636114,0.046899401191796274,0.047204642425658645,0.054148927531659494,0.05320153158570492,0.04961011343319033,0.07058638435855984,0.06203814470481222,0.04751444344691954,0.05193058953449858,0.04942792742406695,20180404_183648,66.07995800782209,20.433044784570846
33,0.04109138228611076,0.044143721068597874,0.05318277959696621,0.07231877652586052,0.10166479647625329,0.036785749353593626,0.0640123239795703,0.056745006849962046,0.052991414925624765,0.036989631985289144,0.04153603378817134,0.04436863692048061,0.03839977807241809,0.09282858185392316,0.07820363579394338,0.036266373939385504,0.06054446690461831,0.04971100969493803,20180404_183648,64.69326196268358,21.819480969115055
34,0.048755871981526075,0.04789060726995529,0.0530621910642401,0.06624315320859586,0.06280933634324334,0.04082888664291004,0.05332740513860044,0.040681664396789746,0.04075159635313752,0.053158543405675274,0.072665766183942,0.04646079673063078,0.046787624104318956,0.07033183642468388,0.049633817042982656,0.04613909946381659,0.054367815595796516,0.037801269561935066,20180404_183648,61.141299907590856,18.57333052103395
35,0.042538593377910626,0.039317957624523406,0.05802434536382223,0.07032472320978271,0.07420182676569156,0.035981345341093325,0.06351928837710219,0.039290089013938476,0.04378233535870168,0.04856416049755865,0.055736497724078744,0.04371891332994898,0.05479978100186657,0.08786747818085962,0.07446849737108627,0.03844970150096455,0.061119401383508305,0.04766953472131313,20180404_183648,70.305517400403,19.96488613931409
36,0.015061357925166972,0.0017443165936247228,0.014115362960693299,0.0003463156774605481,0.015997835592223907,0.01421072347216975,0.015587654501390335,0.014869361837844122,0.0010074410354170408,0.0294853036997693,0.0008542397968560341,0.0014447516527566317,0.0016701668850033899,0.06139527071400058,0.0024783011835801884,0.0016052763117636063,0.01483780173121489,0.0016232643336413697,20180404_183648,70.40790577311651,21.524778113502492
37,0.05130531422229483,0.058288480864429455,0.05775996862316491,0.09206132437136723,0.08999778521965547,0.030266214525026914,0.06405230361651977,0.05031423936464,0.051517327211948086,0.05731072916125301,0.05342229430827448,0.060246623289179395,0.05723608675286377,0.04846202715929096,0.07547891939654057,0.04080220656443139,0.05494094514492723,0.05245126540021909,20180404_183735,69.86660197953847,24.021748012671445
38,0.049104456596333126,0.03753684252359438,0.06281836643771524,0.05807184705697761,0.09420849967065972,0.022575639014801408,0.053183902840374546,0.028360713765277754,0.024003891013753362,0.04540815890797074,0.04778688754289995,0.04379800790146997,0.05485433714308057,0.07671860238903529,0.08050451438386796,0.027054675828167965,0.053172802664070234,0.028182160611436625,20180404_183735,67.73286190513949,22.09913886129426
39,0.052194407768934435,0.06504121739557045,0.053040255376966015,0.08130585355768656,0.1130032178721125,0.03691717185958997,0.06578236216122375,0.05438953379940694,0.05532417212605123,0.05865775901581779,0.0631506264148638,0.06259341751689768,0.051358458902856584,0.05658026885397602,0.07711277943532693,0.03796866909835395,0.054143545100873984,0.05875385897362729,20180404_183735,64.92033215272717,21.206310830163737
40,0.05201862329675053,0.05177174892337876,0.06722069985801037,0.06366140360125665,0.09804516887319015,0.03053123967813637,0.05170960541546002,0.04176272007063208,0.039575503607859164,0.05503624661469893,0.059351052555380646,0.03724923312774144,0.06695932570468176,0.0766011808462156,0.08230223042315557,0.028677291417571027,0.050132932191426595,0.04181072930376014,20180404_183735,69.76626316126703,21.81219048313904
41,0.04644893733443028,0.027967089177151978,0.04694141540813448,0.06833525717170663,0.06031524276412657,0.05410292287786887,0.06586336574364693,0.0194586752559344,0.018142865639392297,0.05185397436113687,0.050423946997339146,0.03934749625695643,0.050781967846040076,0.061531500432910995,0.06671219380013084,0.053057426300163954,0.057975144850561496,0.01716721643531413,20180404_183820,81.12705294154878,20.49379702545681
42,0.0598920245087934,0.03739348639999052,0.05008227932964177,0.07431710029067526,0.06888517428240208,0.046498250916266484,0.06038447077103427,0.026363181327122825,0.02743843786951095,0.04122896091911607,0.03518713912066592,0.036337210675869924,0.03622781636507654,0.06759098305025413,0.06198414554814159,0.042402187891580956,0.054108459408229906,0.02796639662650677,20180404_183820,78.30465075463414,18.667581700718742
43,0.05240956176133831,0.03999371268892889,0.056637913346872626,0.06207065169534279,0.06889260580897268,0.046078450836465376,0.05540032121112867,0.029701790549485563,0.030087698112379272,0.05721329444377394,0.04789216930153422,0.03746422421776335,0.058730131862776785,0.06651287148219066,0.0641619286430776,0.04498965406425853,0.04971855410690361,0.027616634035753634,20180404_183820,76.91067625536861,18.584915357224887
44,0.05543523462844419,0.041562251354544354,0.06017284688523989,0.07970992325623329,0.07018207524891563,0.03919127326490272,0.049613715538375035,0.034877752509119085,0.03495212700250387,0.04729755674345221,0.04506875474617984,0.037066759642605286,0.043087332375599446,0.07803039121948485,0.06810141599791159,0.0392360085056985,0.046617314756887594,0.034083451626800376,20180404_183820,80.3388161270176,18.118227064663934
45,0.0270312905807427,0.047740451818819966,0.03769046582708912,0.07643953863191028,0.06854273808338826,0.05149244538363653,0.06747399039969237,0.04151211388857053,0.04129160776181986,0.04457416995051821,0.05232714265950295,0.05888687265620069,0.03734137682594018,0.08025162742930712,0.07315864923445968,0.057684488839855795,0.06167676985648708,0.046195508605710256,20180404_183900,69.0633378730275,21.059852477806263
46,0.045163982239677054,0.06775143463275023,0.03630603651242417,0.05863230971319244,0.11606926748880439,0.044738188730567174,0.0627299012497993,0.06197957950317531,0.06094831712239212,0.04104230341946241,0.047822741995682344,0.0588110215477231,0.047155198202934734,0.09804943160451783,0.083826858749195,0.041412734603106016,0.06729414580364448,0.05859669833561235,20180404_183900,61.297128219056205,20.999467111759458
47,0.03513846033184243,0.05666654690232964,0.037125822455171924,0.06827771622950102,0.07927697143394424,0.053802023656041885,0.06457483168778858,0.05143888168246809,0.05818885190234129,0.046698210020459825,0.056131315339759486,0.06629428838014616,0.03580113917203353,0.06953815804176218,0.0800403531056595,0.06249232114867175,0.060201490482291474,0.0626055188426593,20180404_183900,63.16055802021669,19.462932341051314
48,0.041432723740895724,0.05957615983007158,0.046211088311027625,0.07184893131685237,0.10273760040772552,0.046631442696070155,0.060615443254259105,0.05537164433600758,0.05536066454639457,0.04305775126869937,0.04879061333919752,0.05072459775204331,0.0457782881686637,0.10044892836691384,0.09421159166423627,0.04635579517761136,0.05508844134593243,0.0514726511437355,20180404_183900,73.76708602275205,20.581458545827278
49,0.04366238438691283,0.06104294946795337,0.04879578987551627,0.0750535922177911,0.1189295681985567,0.036513390156338886,0.053659029587358464,0.03305636220045005,0.035110558894664363,0.054327041350267356,0.056834982402010986,0.05604135474479596,0.05293368045372585,0.05787972743181672,0.07418675680982577,0.03742930731523487,0.04422120309568965,0.04095804544454242,20180404_183945,62.80584821509308,22.598437733627666
50,0.059345253110677024,0.060372682336861355,0.10695595798052461,0.06201171393871741,0.13714864541619048,0.04626698980907252,0.05843205705558126,0.059129773148639785,0.06478353454992479,0.07957539392385175,0.09005216741524798,0.06231129044427627,0.09546971741879484,0.0732299963905258,0.09671317694748027,0.044912520496093546,0.05145284139403338,0.06838710423539296,20180404_183945,70.8379051804852,21.379246717213057
51,0.05483415293600436,0.05353487700571098,0.0641260794980501,0.09300961262279316,0.10757182322585863,0.03785231362305779,0.05970128295750278,0.039341519119024296,0.04366730941669907,0.06326772779436536,0.09403981846639965,0.058920547224739175,0.07155550377418451,0.05652715166612383,0.05905624461472659,0.03741783774959527,0.0477028793467186,0.05340885317330974,20180404_183945,55.75302175618256,20.337582427312626
52,0.04457136953380662,0.03315146407023664,0.03776530986606584,0.06895690755559881,0.06653065121928252,0.044239548009066404,0.05808185069794558,0.022779107538028722,0.023980500805253376,0.041748864318975044,0.04990218856357189,0.03559934090114214,0.037719462554336045,0.06852860915253736,0.05543838543469069,0.047549127797382566,0.05605852353553391,0.022305386416661115,20180404_184028,79.69548020778869,20.664499899009698
53,0.05766567439761322,0.04276819898989877,0.06182087650291825,0.07074310928488821,0.07718134841179897,0.04972894464878593,0.052680033441287945,0.03943032452825597,0.03968936643832291,0.05022194529172966,0.04780633962451682,0.03994358494240537,0.04340841728316366,0.06025201997837607,0.08050261406100638,0.048364566986780516,0.050977508852943,0.04164000511767204,20180404_184028,83.4943190871602,18.32439000335822
54,0.038873650400067725,0.03362954760353086,0.04233056208816907,0.06599805599140945,0.07227820805115534,0.04357415873173377,0.05216158124536562,0.03084212288259335,0.03410137495487011,0.042667146239165656,0.039778672592388244,0.037146045608333435,0.04477633557696797,0.07615423694129121,0.06571141010167031,0.04372644722937922,0.053338955863594446,0.03398587469703567,20180404_184028,76.21670840349907,18.612991902182824
55,0.05540812270261137,0.038087442126266274,0.045533626476236294,0.05490302902340935,0.07425261857828373,0.03977660170076352,0.040505066092962026,0.03745056036048555,0.03911180364768883,0.04500311541194207,0.04387427713730522,0.03523664755416543,0.04555470956595484,0.051933890494501915,0.06844868487940456,0.039509375521686346,0.04083810929276944,0.03860176801763506,20180404_184028,84.51176585982174,17.567598309690677
56,0.04574630197392632,0.04029893356331685,0.04682689842581162,0.0758915938393121,0.08042028982319625,0.05585546905783472,0.0660376180680511,0.020462936062219238,0.021835440690027963,0.04727500066653201,0.049107114952621864,0.04499275393081806,0.04578595274834251,0.07201546841573485,0.08028871248752763,0.05489136581947348,0.05340673446180504,0.025568305195414448,20180404_184241,77.59566619705183,20.58043886819115
57,0.03808063030409136,0.054549693519422106,0.021958921831113757,0.054896595042214946,0.09471452362402885,0.04922653103758525,0.06735204546910992,0.03327355688952336,0.034941420840471006,0.028471143712651012,0.030510845047941534,0.054940067739457504,0.025257619256436777,0.0707290971934904,0.08020648511512546,0.05345292443512827,0.056492108394150344,0.03206961447563808,20180404_184241,82.92350823218328,20.661482092560103
58,0.04458871494656886,0.04014882427677573,0.04068078404083877,0.07021043016496732,0.07728504180354731,0.050074433580742726,0.058479445995651,0.027220345894536035,0.02426425634298417,0.04702075366013849,0.045114810798226296,0.05096729761707381,0.04428506793117092,0.05939281793506992,0.07697511293253359,0.04909588041317563,0.046809106023351886,0.02809284792366961,20180404_184241,77.49937051510508,19.844895434588253
59,0.04457042303451823,0.04899428294700122,0.034692411028720414,0.06214864855399186,0.0775138584391014,0.05058341143494675,0.059115397658756376,0.03239367226900316,0.03517966295470378,0.03301914882102911,0.034758941619446745,0.04231179413832548,0.035104614749638385,0.07858277467236736,0.07326192618821467,0.04842910871768512,0.05505908114631624,0.034932634451578765,20180404_184241,79.85811452455084,20.559598337827865
60,0.053285665161558776,0.052392059179179065,0.05341490098900313,0.06890577627630104,0.07754247436879282,0.060501387689656495,0.07861922647357457,0.04486064994270355,0.04584859706590278,0.047075278982461624,0.04654936209226194,0.07099064357943617,0.049818318941303445,0.06449137215569296,0.07543028892995292,0.07163733082211192,0.07422415624967141,0.04706906489217241,20180404_184328,72.99566873349417,20.04249108138814
61,0.05600973704840546,0.06047994212036481,0.05238847515216422,0.06353740148629924,0.05861009543033306,0.058634247127118594,0.06218463376165503,0.04975867251159295,0.048621976693595796,0.06023215282733994,0.06023062428651993,0.052517132227010696,0.05085765448973464,0.0590511890409617,0.07450924644295488,0.06119283464154156,0.057725634530534295,0.04936065542078535,20180404_184328,83.97656460467834,19.67975650285331
62,0.04205557361155578,0.047774618331422526,0.03849580919983102,0.0692780078954233,0.07214245406240198,0.056939188106841745,0.06559624040432924,0.04211685428317431,0.04156326135931148,0.03891880285655989,0.052238262362478624,0.04894275920474402,0.041956611010381104,0.06776639321076192,0.08459247785926997,0.056975177335412096,0.06188518494408626,0.042489313156280996,20180404_184328,82.66109161245564,18.56376400838183
63,0.05941373677464215,0.05412404389942156,0.035108612737548305,0.07018363340924107,0.06819455640768314,0.05744339473311462,0.06806438748250561,0.05123479654846296,0.051475703652667154,0.05484658643102774,0.05724168132313176,0.05917467200146241,0.05582909427281,0.06565562595838163,0.0742957131224481,0.061045467561855915,0.06445790404963038,0.05220756393785454,20180404_184328,82.35819901765146,19.141971435191444
64,0.02526488881536108,0.036316692265200394,0.02217251068251218,0.05477477178719587,0.06262010014029677,0.0416083991751794,0.050949020290858016,0.020704697890858836,0.020835037709830858,0.03477284773747339,0.03619615889586452,0.03539768087911018,0.025030187690200354,0.04594567011113092,0.07150158975422559,0.041664764685599646,0.039225491920011776,0.021003895225545847,20180404_184411,76.14572148434098,20.095398283508526
65,0.02641234573723277,0.041664454952384376,0.026256565825326577,0.042281169134397265,0.06479713504973413,0.032660710583755415,0.053214571631809725,0.031690554600961575,0.031550458335699576,0.027731798506674194,0.027887004040392942,0.037792306892428816,0.030075665766719765,0.04657835959928896,0.06750100535489681,0.04132554107229824,0.05326810588030952,0.03627370070145633,20180404_184411,78.07044531720953,19.51794992176542
66,0.029009340893561376,0.04423535249664715,0.030039287367349125,0.042187666413507637,0.0667665544268491,0.050477936386856145,0.05861311341267257,0.02910801600033465,0.028445348817499484,0.04095236763055119,0.02612783751425511,0.050333663292657406,0.035199044496183086,0.04829970258710364,0.06774151956250413,0.05060482169637255,0.05078304565549903,0.02585702030042208,20180404_184411,74.91326722928963,18.15469130396035
67,0.03655155715672677,0.04188005754796294,0.03931847644574107,0.04612019013195621,0.06459043715349157,0.04054376811287697,0.05026800118172514,0.03447218023598819,0.031136284196050662,0.040444784201021516,0.04148628259174254,0.03757296036913573,0.04347915715877684,0.051358828166814474,0.06611210280955776,0.040264153078306164,0.04591506761179257,0.0327145961441694,20180404_184411,78.76594586863246,19.245768579787146
68,0.04489950575143657,0.04426836646050238,0.044814085909170936,0.08188873999955527,0.08008773317361566,0.05314595394419662,0.07866149910629286,0.033362317352552885,0.03640702018458136,0.043703883692809,0.04306730678767429,0.04858621517060598,0.0440954536765998,0.07047383300478106,0.08135791331413651,0.05580448439974683,0.06454005146694226,0.043672303582216854,20180404_184450,72.04989743501358,20.16696777541906
69,0.036138768423091966,0.061538791180118124,0.04827780782542353,0.07075087685585493,0.09524707429393646,0.05420524545710662,0.0700550689794814,0.03780828884168682,0.03572432236221554,0.05375560605769276,0.04311534834691979,0.05455448899049237,0.04668683948066038,0.09023081571867136,0.0751672140082643,0.04856369321191793,0.06358515110794527,0.03404723021492385,20180404_184450,66.68517660528218,20.476973242137593
70,0.051399309071220776,0.057625665043653,0.055443781477789965,0.07913992262994705,0.08377073067953297,0.06047649289695636,0.0704350895503066,0.04049535599242393,0.04285530483258933,0.055836823047091304,0.055519097708633815,0.06473460056832243,0.05737139773721405,0.07117009866420816,0.07909768743916856,0.05729007500167466,0.062008570505982255,0.05205612094364066,20180404_184450,77.72627101383479,18.800098190816595
71,0.047491118853195055,0.0618043341206596,0.04251800821201244,0.06973930715510573,0.07896945050187643,0.055636819949378344,0.0627873391742138,0.04219840747919086,0.0415443285578452,0.04576134302412349,0.04699160360101091,0.06008646421136084,0.048461799340170635,0.0646347845278581,0.09398403469276616,0.053391167417898774,0.045894945593163226,0.04449414958446576,20180404_184450,85.39409203700058,19.827027062481225
72,0.03511126409509074,0.0514396745210258,0.0363604132852444,0.0694224099346832,0.0768983360175194,0.04982952612663257,0.06185800372943054,0.04689242209237003,0.044094173446487576,0.03709220965499165,0.05527236597911467,0.037766494658711174,0.03890907288084767,0.0596746547715591,0.06063768126170702,0.05055983278259014,0.06531947556938672,0.04360049960050535,20180404_184526,77.34285773576428,22.78481401524443
73,0.059651416692536464,0.06769927794912976,0.08039904293975873,0.06379516936556788,0.1045624974637909,0.050795991007539294,0.06482217835435893,0.04992543735416029,0.04924259479139399,0.07335242971378125,0.052394050412225925,0.04948237107906251,0.05763995264768886,0.06003570941720144,0.07696153016188342,0.05390700928306922,0.06337219792125795,0.03622817048667312,20180404_184526,83.012629517221,22.723817023852018
74,0.0521827979920826,0.059373970096918416,0.059184934259135576,0.046605364730644305,0.08951662758345326,0.05986524277054658,0.0596425322984729,0.05628187824123223,0.05791715776792883,0.07042034785843347,0.07671827459541643,0.05054722900234825,0.045606685665840876,0.056354272511565974,0.07389585543503004,0.05679926083701454,0.06433605676099591,0.04400664213003818,20180404_184526,82.04126492342374,21.641862044215095
75,0.0653771293792422,0.05472293691852272,0.07264771013956288,0.062303867374912336,0.06483329061888979,0.04508444239812065,0.06080337581474812,0.051490366694381805,0.05333718205349328,0.05807914125852687,0.05419620448587345,0.051008012831219314,0.05585147033046835,0.061231185394717356,0.06434594926216741,0.04621170869500494,0.05574989007201479,0.04397548691430119,20180404_184526,86.32439182724326,22.795712256073134
76,0.04534892742279185,0.02739019855618703,0.05340948011458753,0.07780844172591102,0.07742349623399629,0.05383449666249299,0.07030520251593497,0.03719515379607011,0.037123083411853046,0.04843429729742374,0.056947897957020696,0.027442915083365035,0.06155010788953493,0.07040648989103902,0.06484103996011159,0.057328260029953775,0.06282238710229067,0.03517702390786524,20180404_184857,82.23348458502821,19.829722109150204
77,0.04398265398281493,0.039157218778101605,0.06180760696466699,0.07216589762627917,0.06262165770707764,0.05281653147856038,0.060754231814881175,0.03445767176078788,0.033778769317852876,0.05276673327339475,0.05728781043537386,0.04185192479925871,0.05819671335747198,0.07008543721787899,0.07350041397973249,0.048613367165504455,0.05882068372536336,0.03638341570025916,20180404_184857,79.43226703678667,18.37250992606186
78,0.042329472578827916,0.03704127879435529,0.04562661686410306,0.05916146204398521,0.07136576076550713,0.04444920936108581,0.06250873609624599,0.04272299624992865,0.044693905784229444,0.04295126375112053,0.05263035047156563,0.03795714708391849,0.05053383051233769,0.06902766680762798,0.06041353650715302,0.046605706741097215,0.05463065791274293,0.04821976204210074,20180404_184857,77.11538683094446,17.848717322106353
79,0.051261316779258104,0.044107409866288506,0.05812308958834756,0.06942745573213863,0.06631894881463123,0.04526901917490123,0.05843850075862651,0.04339884251725746,0.04302585387398487,0.05337736997446152,0.05259229303128616,0.04439357002145774,0.05393362874262713,0.06097742922757207,0.0644405380588036,0.04286712832092554,0.04877276904888165,0.043246294874053584,20180404_184857,80.26154993177897,17.492291726143627
80,0.02575892552991587,0.04553994532793248,0.024311804892481012,0.08732797843098664,0.1046381251518707,0.05543515830966469,0.08020237800603874,0.051715891778534626,0.05026738372649041,0.024105862005406226,0.02594294016640711,0.039617549969976996,0.019732288360436497,0.07286156855983525,0.08481227802058221,0.05634087272440998,0.07743916017782884,0.05040951148699606,20180404_184936,68.8589916907264,20.84292997291834
81,0.033607720522881204,0.03932695966989979,0.03420136760312253,0.08250865403062332,0.08308861321475253,0.06602163785022318,0.06501036956511501,0.03193151098779315,0.03197861155268985,0.04116394330693685,0.04470078143570654,0.04689232128623055,0.047561589825959746,0.07265242626114686,0.10179104259921448,0.061777327069597265,0.05914584896717487,0.038954301757604115,20180404_184936,73.44882212344709,20.973140977033285
82,0.028303199008687215,0.051843844750855496,0.03496539840766377,0.0796885195920943,0.10516633825614735,0.057201491595737224,0.07302738865695645,0.05202680231457861,0.05101203885790257,0.031015803807099052,0.045556092747179824,0.05050003203784802,0.03343496174703035,0.07686173498087079,0.09591668563702568,0.0555509179797731,0.07611317390416455,0.05505045916747369,20180404_184936,68.10825023765253,19.71845236550402
83,0.034208526571851625,0.04274103443211129,0.03490507214658569,0.09008002696731665,0.08725371388724854,0.059229056127247055,0.0726429848135289,0.03800074787897124,0.03925617436746697,0.03644757661392366,0.03733020686337143,0.04721355845860635,0.04008799904726562,0.0849582820404119,0.11297567400764268,0.05738639240583524,0.07667730205007052,0.038911786441853745,20180404_184936,71.96459315458846,20.602922686963087
84,0.031571718624896564,0.037720636796161555,0.032472330135294825,0.07283424936054476,0.06769132178809482,0.045481961522806834,0.06035466087372669,0.04136337344582656,0.04126021947494201,0.025611765862240503,0.03357666393987082,0.04355703687244915,0.039969058792759665,0.06713921685349845,0.08066915794060553,0.04984365345783815,0.06220689515544249,0.04611556084615879,20180404_185137,72.67226588742082,18.671132227071155
85,0.05368216297162498,0.0488377389416194,0.05024593909894397,0.07430061190794564,0.06242871322314922,0.058681579995383835,0.06837869530638023,0.04127426273420353,0.043318236179520915,0.048482133289976456,0.06176720430966545,0.05325784330502513,0.05696694371385646,0.07452025023774493,0.08378956827367787,0.06279159601019658,0.06377068058704567,0.050483796083410123,20180404_185137,74.69552633632183,17.296898340662064
86,0.04362874206722072,0.04259898141054039,0.046615308428731836,0.07560343199271342,0.06847797164292133,0.04531734791310886,0.06947843766928023,0.04453841711280408,0.04798441776726357,0.05105792777206269,0.07005082281043597,0.058855662859458174,0.04285713037263187,0.07485623589143589,0.08639584891591659,0.05239888065719264,0.06288224706483289,0.05164682551047869,20180404_185137,73.00067789869203,16.929346092010288
87,0.0533803687747919,0.049710288983637274,0.05111844347406136,0.07157364583000424,0.055140355482346665,0.04829976027005782,0.06047827789890205,0.04169596760111174,0.04216627676406274,0.051314938122460706,0.05190191548567383,0.054987821424474434,0.04762037305869625,0.06720593167800601,0.06891019410173921,0.049890850594512114,0.05881595229843312,0.043365452557160275,20180404_185137,79.53236383707177,17.358433719307033
88,0.03408381517782024,0.057840559915681315,0.03319095912159804,0.1025774069872103,0.11347147807995187,0.06601780629653856,0.09207957283244987,0.04408893806194984,0.04257156889477244,0.04153427184727064,0.05111742839491011,0.05853202086646579,0.038214665436567825,0.08958052115108196,0.12879784310638606,0.06460074929433876,0.08531149211619558,0.04555900649538264,20180404_185221,65.20242179271536,20.64935729956706
89,0.039061025058847856,0.049553399742237304,0.03374859342750747,0.08720172664507385,0.10475974537195566,0.06685297325378213,0.08615601719534484,0.03755963035737781,0.04112885701102138,0.04910547922857461,0.05348330588294658,0.05401149372668813,0.051188794127808246,0.08334528695872505,0.11344364978600198,0.06972742419582115,0.07518662170796744,0.04787846883083057,20180404_185221,71.91886029024353,20.335536076492904
90,0.03939810139549185,0.0558446655747044,0.046653562406787204,0.07892471498715889,0.1015022064213682,0.05298274863099427,0.07221223172146886,0.04176701864834265,0.04341347338840399,0.056243143968290284,0.06785913347317954,0.06799716517553617,0.048318226910028246,0.07440129743638534,0.08051516905443402,0.05763151682577253,0.06315975101250436,0.045084506053885406,20180404_185221,68.10619908732272,19.250533072077
91,0.03872741732235037,0.0654628297610931,0.05416333925454524,0.0888612566330617,0.11355750981853849,0.07712621751001325,0.07766534718363319,0.046645353171405356,0.044154731419191254,0.0630372089110893,0.06624641360860162,0.06037704354198565,0.0606408672281223,0.08006614178131904,0.13381313705797424,0.07141831600686997,0.06710718927584326,0.04890937674153537,20180404_185221,78.27094565499102,20.860958591004817
92,0.054601409518950435,0.03647722619338107,0.05249864449378562,0.05664876039173496,0.07221119846133581,0.029103435285968277,0.04855859013542756,0.04346820394835126,0.043769130047544576,0.041527866973329386,0.04040864652216872,0.033072401747278636,0.05292667503536353,0.06260473590014617,0.08101104801702803,0.028234166043594668,0.050124031994512756,0.03668644797780571,20180404_191309,72.03419239881518,20.705102729379146
93,0.056471888628558044,0.035253751968869325,0.0422667074653606,0.058424018309995114,0.07309697749444556,0.03271600644530372,0.055325616860111,0.04338305291740287,0.044547482865703265,0.03449593914492924,0.03480977516136953,0.031791456642422423,0.04104241537264813,0.06329191510328648,0.08125324286534794,0.03359326648169973,0.050411185657427096,0.044652786070300925,20180404_191309,73.49451197306487,18.046233860097274
94,0.06274640235253842,0.047059658996584715,0.06283894317946243,0.06982485613791668,0.07571462947887853,0.041731663439312436,0.047055004581730765,0.05958151728160361,0.06410259788719953,0.05637947306527791,0.05795953513356185,0.03817124217726798,0.05720174209861699,0.07415674975252863,0.08028182092006954,0.04275231934568133,0.05837427394443132,0.06612220650311804,20180404_191309,70.72765896481502,17.76963026710245
95,0.05940527221223383,0.03438774570706785,0.07520141699345875,0.05829298768470546,0.06731081558176048,0.03091089157831257,0.05279214447229079,0.048456054596249375,0.05323173094049364,0.047273461080532674,0.04580507487945037,0.04030973863618573,0.054301680767600266,0.062063533735555954,0.09598492177451876,0.030739070972951248,0.0535081293574563,0.05191480589298019,20180404_191309,70.50098930225751,17.191301647043804
96,0.04029978212844607,0.06440321827107535,0.032399668831437745,0.07901121278051665,0.09078262865084297,0.056947264825326686,0.0753994895003101,0.02500441352795861,0.02270765764717955,0.04943591438734443,0.048388954915808226,0.07264028368851234,0.0323831286847616,0.08276221915478092,0.08324850172158318,0.062369584981921106,0.07725562192959433,0.02508482169544025,20180404_191352,70.50870255548963,18.97952181191456
97,0.05071792499541214,0.05933852944336998,0.036107500254453084,0.08508598199616729,0.08352811633943462,0.059473647557173624,0.07111099596486808,0.017811505644163197,0.01610350364754515,0.058612091562005295,0.052556361612475955,0.05339850910656219,0.036483093162207124,0.08742189551877837,0.08174527303019455,0.05912830542731986,0.06861098332045386,0.017559041343400708,20180404_191352,72.28350585309867,18.749432656640202
98,0.047140041348022396,0.06802913188145199,0.039866301533517425,0.0766101002832459,0.09474463181733456,0.05169487221701881,0.06586092940901281,0.026109787907582813,0.025062995422415954,0.054969723375512994,0.05313178115954047,0.07928199175809998,0.03294600038019499,0.08209127265415539,0.08380406217641378,0.05827424336897121,0.07140207490248339,0.02551317139757879,20180404_191352,70.84878624632418,17.911160214480937
99,0.049316544487355556,0.059821159671217664,0.03953055653933901,0.07870435032894459,0.08561443772986861,0.05797398034935209,0.0734237691712472,0.019598150021768932,0.020061239495175957,0.05029095750590204,0.04478087275306235,0.05525904244496773,0.02839354758907755,0.08639281711821126,0.09038561690855777,0.056395185443332246,0.0722563377969917,0.020291649636122185,20180404_191352,72.24913055368341,17.730655629637134
100,0.01981128988396009,0.0472012644756545,0.019951702509005232,0.07037859035335046,0.09194208737750706,0.03419321489390359,0.06676674026541521,0.041977124301512826,0.04452647206881461,0.02435871503771767,0.021806453783880887,0.058516168858610634,0.020332778619893035,0.0818458673231574,0.0875199329264568,0.03584192295513702,0.06869764350422823,0.046577512839421485,20180404_191440,63.96422150119771,22.5530848662766
101,0.046263416016185076,0.0636682577281898,0.012762294582768795,0.08231232315681898,0.09991704647754687,0.03595561763012048,0.0651098696100692,0.05721936415837103,0.05538456658735512,0.03241695564612978,0.02594119034191962,0.05970138786275042,0.03150284618361608,0.07927651915314325,0.1109753705474466,0.03641443241143114,0.06452223553005995,0.050989359924980215,20180404_191440,65.20788627135565,20.742273911254028
102,0.058279962600075806,0.05406897471899819,0.05033667645602873,0.08736402283718787,0.10563948654311557,0.0361992719832007,0.06489779100783334,0.06927129828982866,0.0700030793373374,0.042644422281967104,0.04541131156864157,0.07536816388606626,0.03663391876597156,0.08977953859331377,0.1068759597192193,0.04236451612448567,0.0669172165724453,0.0718458211201053,20180404_191440,70.28152159726125,20.65129759711657
103,0.051812156260777245,0.06573171232648221,0.02625435678390545,0.08019704927448588,0.10455329282424809,0.03722342145676364,0.06672101682914697,0.056967272243298214,0.0535300572287117,0.024548869731837612,0.024721434129163496,0.05585160880515907,0.024210072222449704,0.0907466667301772,0.11391802842628751,0.035128253280301835,0.06474746743429084,0.0497221082314205,20180404_191440,66.69529348179603,20.847582657009266
104,0.030075975787131014,0.03781297498264607,0.03445505749496885,0.07343261555441073,0.07742604723100346,0.034995425403907966,0.055765092931764945,0.06018121867032553,0.06267420720376332,0.0393904162374293,0.028971274021958048,0.04984671474041756,0.029713603994577908,0.07252880043349519,0.07139728034965932,0.03805222786155108,0.06528479692976075,0.06296878438939107,20180404_191535,67.77407192715623,20.98581510312649
105,0.0027304369837655184,0.0365614098585439,,0.055357159959093356,0.05178019652691207,0.030436104874642766,0.03447392144287125,0.048240315689009265,0.05286503344767931,0.0506979969261426,0.037152743412872155,0.033427988119958604,0.03725951986123264,0.05664095277423693,0.08602905680335933,0.029304873066625242,0.035205130945431554,0.043466388333375745,20180404_191535,65.63586267368126,18.469249448514972
106,0.04814424084618048,0.05435853466284548,0.048977587251427895,0.07125125373504056,0.09311244192852502,0.03887418833118113,0.06459585447491932,0.06828449150891132,0.07260240784920327,0.04661432473677381,0.0509139614767601,0.05892033935412473,0.05005969624472809,0.0736803448351449,0.08609358124472499,0.04444965411353147,0.07265323852344015,0.07269293303702029,20180404_191535,64.7468503414886,19.379421095893296
107,0.04208701091146812,0.046443154362557894,0.014829886372756914,0.06742235953785765,0.08224438082572429,0.02907532467006024,0.054471691554350034,0.05157873844416269,0.05005291965872926,0.040004748983465246,0.04385073285948965,0.04040660876631445,0.03519795994249775,0.0589051995329988,0.07956720712471876,0.035645914906663835,0.05491944895308961,0.04652997976180576,20180404_191535,72.18745599246834,19.36453649819011
108,0.0530667945168647,0.055227598303859655,0.04612194241009926,0.07894196552453536,0.08765207356070213,0.057233733035253836,0.07557640485024032,0.017153001350219892,0.017342875262756234,0.05652293243159316,0.050602055985495144,0.04928007504595231,0.0451323760620709,0.08232933138983466,0.07251474900577314,0.06414594160669825,0.07513219516534657,0.017876202024700714,20180404_191615,67.85173814738826,19.454455212228705
109,0.059295394069092136,0.06725917106176607,0.0514186426718658,0.06597485153767119,0.07773032521354173,0.06528767679902388,0.06787193412044237,0.023515088690719884,0.02286228310391868,0.06931426080494331,0.07001471129470507,0.06505070621151539,0.050169056257846636,0.061567860576377996,0.0987483618477842,0.06380204185505042,0.0660058052817742,0.0208618870338602,20180404_191615,73.45612975486135,18.644597532245722
110,0.04952857492944614,0.05616949795738933,0.045432070336788234,0.09133401970306645,0.08630531891456714,0.05654817936225541,0.08367953287368204,0.020725524473610632,0.021807557697731267,0.0604315375389815,0.06813238851966281,0.05487524525200531,0.03873140660732944,0.0894486734606003,0.07770376250495528,0.06289795290206432,0.07274657874440195,0.022616129381859786,20180404_191615,69.20494432122656,18.722995320297088
111,0.05599056686751541,0.060604247819398126,0.05402499621196614,0.10035925146430809,0.07571167227847792,0.06681295929381371,0.07907786898127994,0.024825703603350083,0.026529204149146036,0.06970242003132993,0.06646359895302312,0.0605066737309818,0.04698421627725688,0.08203270449207556,0.09058753808566958,0.06355248784907819,0.07829465626286634,0.02868752203788004,20180404_191615,70.06796940574729,17.646892069886878
112,0.036599952386004886,0.05869466655094027,0.04784602056030337,0.0860712983992481,0.08718995028024898,0.033307462117686426,0.06621462458818926,0.05957280118394667,0.061427263371005895,0.04993280494263604,0.06423386846682558,0.07467444241922623,0.030888851689231115,0.08833447047017773,0.08471357373376835,0.04482838366255366,0.06692044106459483,0.06283691213175097,20180404_191657,62.13073422069252,21.153922282696364
113,0.03873595942435028,0.07140362814499972,0.04892578659143216,0.09055712022707357,0.11196750089543224,0.05003834159473666,0.0713343750727038,0.0673475740572132,0.06279723724600114,0.05636302866725424,0.031231618790954874,0.057097534966949894,0.04466205568383367,0.07504693548896049,0.11839867297577565,0.04855488117295396,0.06264976101049632,0.05621781611472509,20180404_191657,65.73687497965614,20.25937247789183
114,0.03830433485762446,0.054223333373303276,0.04420059650544631,0.07737114444705206,0.08770971249527483,0.041568215310198636,0.05002025432430851,0.06732767875357294,0.07022347101006256,0.048435441928469235,0.02681604429487117,0.06607040538996725,0.03334006858285131,0.06994359048494325,0.09481200116017274,0.04401087888217642,0.05705445372351428,0.07138969313755712,20180404_191657,73.6089448440281,19.79282163114233
115,0.03668498586360452,0.06478129557491825,0.03355538651415755,0.0829041824032256,0.10220100014051745,0.03512799937699102,0.0695316611251042,0.057473112889453615,0.05478779948081738,0.035715480036304044,0.0218193058577914,0.06240003465557082,0.02531820220490092,0.09220096552536163,0.1236492376385718,0.04298972996748341,0.06599372501845538,0.0485648714342381,20180404_191657,65.41794502643288,19.69012005175167
116,0.030532306311872683,0.050037914239162276,0.031872718666571626,0.0774528484196371,0.09094653046762603,0.02663889821766043,0.058574244515647925,0.06138483695050484,0.060166528061501155,0.0292517190558292,0.01509747954009146,0.048990593969572394,0.027443627266238158,0.07086198370560441,0.06725128723750712,0.027867051739231333,0.06082059121689817,0.05655934528853137,20180404_191910,73.00112197267717,21.79349551151578
117,0.04834174883109551,0.0632602512722116,0.030359339901886356,0.06631928833083078,0.09613080594711755,0.029455382119263403,0.05749685069846889,0.05468382292759157,0.05059786918847602,0.028874705794648438,0.019622102425225073,0.045728671986953226,0.028534564720410105,0.0737863559076964,0.08817028062595454,0.038006433013539946,0.056943754223802594,0.04800375595100449,20180404_191910,65.6091835518327,20.63667815057988
118,0.030782358585277773,0.048450005585040305,0.036349734399939077,0.07271821765977361,0.08402091650215567,0.030101439086401057,0.047142147842475085,0.05730648611603575,0.06064920854883429,0.03524728005542735,0.02088837570706772,0.05429656392863318,0.03289265288386395,0.07094198094417452,0.07632171095541199,0.032823102258934735,0.052164284495796465,0.06297384677323269,20180404_191910,70.63369672228734,20.401823975400987
119,0.03320644698284,0.05672898027668817,0.024003046379393905,0.06172041137624945,0.0804922285961854,0.027348251796456804,0.055176742154534136,0.052596189830144795,0.05144805775571853,0.02448465707428321,0.021502838350827905,0.046147200860100726,0.02846831894237328,0.0658814657942302,0.06951916020614682,0.031222806013514078,0.05363487222605905,0.04945285350058411,20180404_191910,68.90896271602071,19.221690176401733
120,0.054196985207860586,0.030005291942740354,0.06074402990819889,0.03558693161905309,0.0588130550700845,0.021118832841623653,0.02950931130935468,0.025392057894798963,0.024568707330432,0.05986835030640666,,0.030833437398636712,0.061193703775265396,0.05507344304250806,0.06068925576609724,0.019874963378250548,0.030606366047391666,0.02876531810925966,20180404_192021,75.54138564942588,22.166040123538995
121,0.04320763903773058,0.05413636883389287,0.057871293672378546,0.03496011321197197,0.08280816921461671,0.01945978918267259,0.04392413252524024,0.03435572664762174,0.025442140319056897,0.042252287254685245,0.039021855094095136,0.03249367376835899,0.04954799386318758,0.050982286666172945,0.06104461253028813,0.02312210197277271,0.04153938212081508,0.026407062057005187,20180404_192021,67.4132522017432,20.12557516387556
122,0.05655305114030052,0.03911009088870132,0.06282493409709085,0.03973326772204877,0.061805290398685354,0.02227025071735844,0.04239474463743032,0.028232434047028188,0.028403921575437856,0.05034187165359246,0.01806394903679222,0.03576198785148819,0.058894546521225756,0.041982284280585376,0.05738482506621016,0.022735482329719555,0.046289764537525514,0.029430509975032784,20180404_192021,68.5958401240066,19.9707645476281
123,0.07080948421665802,0.044483661565192976,0.04069257953283427,0.0327626843380992,0.08551256195061552,0.01932317111474902,0.03933751674198896,0.02880091108482027,0.023706059843574812,0.03723948480020794,0.03743606123210617,0.03301198746463819,0.04015794788157705,0.05345466728052705,0.06471660435139041,0.02217525718672648,0.04304659864596824,0.02553726631842351,20180404_192021,67.81345716614192,20.072695489700127
124,0.045867430885945325,0.04202286555791052,0.05160991755148364,0.07938190643108263,0.06418762521034758,0.042533741133095104,0.07378733164238716,0.027578355290848355,0.029135489556130063,0.06377140761042156,0.05797343611356277,0.052640819260100113,0.042411070333775974,0.08098472546464663,0.07854523754213763,0.05150364858995876,0.07321040449122453,0.030490432875988474,20180404_192104,71.84683776250961,20.206497799874494
125,0.05233491562442037,0.05335268617678034,0.0654184832685273,0.06685449748424004,0.08263326595449973,0.05693640242443682,0.0624200534714865,0.031251250062601266,0.023577624669014037,0.06993925255159401,0.06523593640289792,0.04655604878919605,0.050767407102889905,0.08297325292711505,0.07747316634880705,0.0529956895924029,0.06625178089725933,0.02565382797897768,20180404_192104,68.94524484837878,19.400725817610287
126,0.05103443989284482,0.05144633054875318,0.04940342387794456,0.07455297166669016,0.055938272519116865,0.04374504778885311,0.07047001206403265,0.030168688715495752,0.03263676989589614,0.06162750231808327,0.057327217216077385,0.07267768791573742,0.043411971297913514,0.0828179441646361,0.06981045054825438,0.055730980081471676,0.06972406017570858,0.036752522264322955,20180404_192104,74.30442670566916,17.903620895943476
127,0.04499443092527662,0.04619719688507179,0.04807885299815451,0.06886248113279057,0.06591612332029759,0.04733838078832268,0.06747141576015939,0.025051085076831715,0.02501223689291501,0.04434872751063814,0.04159806561909305,0.050719025591691246,0.03269475693453196,0.08401297912122452,0.07417585478428056,0.05038300970986589,0.06930405437423816,0.0289961909327281,20180404_192104,81.74968841168109,17.963538339153914
128,0.04344271846861244,0.020858643818980862,0.04039054874973041,0.06443619137230637,0.06980621952336767,0.03250492685587429,0.045760596730991185,0.023400204862655687,0.02864411879165319,0.03339721662136465,0.03686345661010254,0.037111447369537434,0.0384989210958478,0.06303266935458304,0.05162488150712174,0.03524170900844898,0.04928518558520778,0.03341359440127542,20180404_192204,80.17004384723295,21.981536384957362
129,0.03648158347962834,0.04338216855514865,0.03809958952405563,0.06446214809123438,0.07859823174061277,0.033271790737619863,0.048503718887426744,0.044955862602170216,0.038971579392120745,0.036089313605713165,0.0119135196570219,0.04338656896797954,0.038547899345120706,0.06829618207091663,0.044746382793279194,0.03683114775896737,0.04940156458336733,0.04876792988469499,20180404_192204,72.29572380696086,20.144276711560995
130,0.04287756718460399,0.044912930921285406,0.035415650376473345,0.06236609497897774,0.0749845275290804,0.03278718521696174,0.053805009145849694,0.03909909371890154,0.03679127264779235,0.028848282036328474,0.029414511194717045,0.03616105565472041,0.03573538246040698,0.07950135706336059,0.060282116948437284,0.035951155647536856,0.05281889341341993,0.035774790325778356,20180404_192204,68.57632440145042,20.678297173338912
131,0.04542489956275124,0.04882089263965623,0.03924833570900909,0.08028513193285076,0.05712216987214396,0.04842799429797981,0.07405704009673438,0.02812334028264596,0.030659523737223436,0.05214875189963962,0.04556867282844701,0.05729577737270892,0.029522873875696055,0.07740266666611174,0.07093490114841236,0.05382660224528812,0.07639322518805987,0.029413238628638927,20180404_192300,75.49034331244873,20.842237393010304
132,0.06628286779077142,0.027909690734112005,0.028870329850394054,0.05357731232968401,0.07508892980911178,0.049041001663104176,0.05815126693669932,0.01807480108173003,0.01904238732518818,0.04508464561975804,0.03088387793733437,0.04288066538699002,0.02552404743152184,0.07461575888120785,0.0696109156922032,0.04623712319040743,0.06178865258478257,0.019708938435900127,20180404_192300,70.67337723180339,20.372882494159946
133,0.04647657746365565,0.058556954021628776,0.04152411522442779,0.0488717330619041,0.05658915848878721,0.039451695161793573,0.05114710536136493,0.031215371455274903,0.0316078431740052,0.04641060229112518,0.04203935824368408,0.06904897354428055,0.027416673760454462,0.054320013247174406,0.06705279651810687,0.0459414880309472,0.05718906154043675,0.03484693860667978,20180404_192300,77.00418060937604,17.467463006655734
134,0.04495603087643828,0.049485228217158186,0.041131106125498,0.0676578316571762,0.06268499390281519,0.04864983052762719,0.0641310795660992,0.02740925617257505,0.026412596835846257,0.043285389035129906,0.03248737498147076,0.05279314776349406,0.0281129550042228,0.07469077978756909,0.06562292788866345,0.05050370234898564,0.06212709128040488,0.025832330552305247,20180404_192300,79.39349136558212,17.90059103294431
135,0.02938006241905812,0.03979441459796919,0.03806232708999574,0.06771123493680423,0.0709715033159222,0.025491584292000585,0.05382262145111669,0.05297433206645502,0.054698395782647,0.026940522681587434,0.029891957402009037,0.03731986012822823,0.0248771579669399,0.06561701659555941,0.06220447520311747,0.03009461848241873,0.059002654232644204,0.058516410272713676,20180404_192512,77.07621665589113,20.58141127200853
136,0.018214154487816832,0.04124175034442797,0.023298186486828545,0.06713003742660135,0.052088717714210316,0.03052772714704395,0.06599641820407844,0.053959982421057415,0.05368006348243352,0.019013382423599994,0.02164018848661332,0.045130103738393997,0.02274345582652728,0.05967606198684239,0.05211351366605051,0.033764109556790683,0.06036393465190122,0.052608692261189006,20180404_192512,77.363733122919,20.394405680757924
137,0.022759739956106945,0.04484221050831848,0.03174922126403443,0.06093615451131641,0.072580924911382,0.0275019148166667,0.052793109549928684,0.05285217774536447,0.05441239544006026,0.02377948581939638,0.02508266556193293,0.04635631340476135,0.024707685293078676,0.06020798824899027,0.07397814180078648,0.03633169891843588,0.06361047557758245,0.05683595328356659,20180404_192512,73.7074931295192,19.683055737080448
138,0.026122752898632043,0.034030868712547395,0.026118927314887044,0.06363016262479922,0.0498426435145458,0.021389186055950568,0.05106164145790274,0.04387436699607396,0.04359687609500661,0.016996003035575708,0.016271439287423275,0.03828763744513474,0.01633027853759665,0.05957516615218236,0.05587062849387727,0.02578690527005222,0.05371165925396543,0.042603615661848435,20180404_192512,74.5776875367225,20.59091428823294
139,0.03396563070957051,0.03611661056168347,0.04042584008975713,0.0743583814353426,0.07026881443297398,0.01973814115299369,0.05589897662654811,0.028351185551402792,0.030604518823801025,0.02701575302227735,0.05624306962674171,0.03816295600988033,0.04456155080051133,0.08036894172331288,0.06355125454590832,0.0198670406864038,0.055888646808088686,0.040066021725611994,20180404_192559,72.71305497343735,20.197537389747087
140,0.01812223088821626,0.030739389897970173,0.02474895750945012,0.06736107111495308,0.09197501392759885,0.020156723923346324,0.043008504467254266,0.03305162699343966,0.03190926371203057,0.016493771433493065,0.02646535873472858,0.035453599131267395,0.023631252103834318,0.07206480018837308,0.08308584029947354,0.021559909204131585,0.04352356363480049,0.041231500292104165,20180404_192559,70.02373048636316,19.373212996114813
141,0.034719157250567186,0.033123083280145606,0.035901982559474716,0.07025236084113347,0.07363009790742882,0.02580712823590726,0.04313689217182083,0.03172053914247744,0.03417792340652418,0.030079852058117112,0.026064264575968332,0.0328227715468297,0.04110403998709188,0.0702732104558788,0.06890059701001577,0.021981572502519402,0.05131950914157221,0.03945716380521335,20180404_192559,71.98183231717066,18.26953226276503
142,0.05121888066899202,0.030099114925544544,0.03012323976572281,0.07331401753696015,0.08225264569977277,0.025779405128055634,0.043246362652164944,0.03757056342118154,0.03576358623495431,0.027261735986752796,0.040613331770699604,0.032793644121478775,0.0448043485501286,0.08011453506474533,0.07226426606610313,0.024960519047482536,0.04152381031012849,0.040626027895347736,20180404_192559,77.47033916197628,19.404508971365697
143,0.039581859001212014,0.05602204111857729,0.038257231430985604,0.06750280090010562,0.062061671277613965,0.03558253868489793,0.06537899939469755,0.030935852325479834,0.03009761110094784,0.05267502041923559,0.022540671053131758,0.06400714920841664,0.03115730846089641,0.07242837092445033,0.052950779513291885,0.039579103149381595,0.0727512642162962,0.026520645086679145,20180404_192703,75.75392732382579,21.747529642651156
144,0.062037319487539426,0.05860692612667647,0.0635912327975638,0.07088552042136577,0.06490085186668662,0.04618351775647299,0.06532793640644315,0.023411827464963748,0.022743833741381798,0.06832543924351239,0.05039633319987778,0.06052852164544442,0.040115007645689704,0.06320068289763213,0.07551591094839505,0.04957807816091714,0.06519181248542708,0.02600182017821921,20180404_192703,75.62587408973259,20.177198432631528
145,0.04077275630717363,0.06845793652713138,0.051758415272996766,0.07772456724201088,0.0706459975572891,0.054103425047098294,0.07692172017345841,0.04063172507274649,0.04001406679154465,0.05907667341797211,0.026105971146859742,0.08705182130731016,0.03643606969542853,0.07703785925118396,0.07551393812236012,0.05151681315669828,0.07791907178639378,0.04372408622247023,20180404_192703,70.9420070593533,20.65251276662053
146,0.048506811557685346,0.056400403241397924,0.04662787242886405,0.06859213447447514,0.04895625893403271,0.036365077570405864,0.06394247166351914,0.03374583753641957,0.02802505930809085,0.056386363765577575,0.041451351251819604,0.05355562246394447,0.041414657313554024,0.06452606638760605,0.070649323268489,0.04216971168903762,0.06404967336865668,0.026236623638920847,20180404_192703,75.0969558405105,20.22834348816449
147,0.03948507459857383,0.04217433252048329,0.04161929356195582,0.06772867231059053,0.08380247463588893,0.03267407583062858,0.07306096781147133,0.05871499277264593,0.06127672592704319,0.030502105138445475,0.02165910196978514,0.04250486396395821,0.03157393176931453,0.07383848633678497,0.05458155382157339,0.03424190116424899,0.06880891838580079,0.06294471476548087,20180404_192754,75.58491760056228,22.47880894542453
148,0.037921218636966354,0.03528052298741406,0.02506525960530777,0.07331295084787845,0.07225198009145313,0.03340086440218252,0.06262268773421573,0.055703641949812456,0.056023473795044416,0.023153640776704825,0.024879357907607237,0.04699173096089462,0.025799301380436956,0.06497393117450066,0.08458398342957972,0.0351660600825381,0.06359495849453357,0.054499551456780926,20180404_192754,78.25828504133595,20.730356738950835
149,0.034535217789138026,0.0342040708540705,0.04202163222440713,0.05954901452787003,0.08444899530758292,0.02737257466350022,0.044202984169271355,0.05339607746505664,0.052490125876093426,0.02755779719721458,0.030092438241262162,0.033072051292602545,0.03926448885109162,0.06357976149330066,0.06972835498582368,0.02965849472751668,0.05168461947298794,0.05857380607283206,20180404_192754,78.79421403979572,19.76064041875669
150,0.0315955184649937,0.03464549407505223,0.017536020503998443,0.07595591681314914,0.06033202316048339,0.033608428993349065,0.06791210532651146,0.0463558550576399,0.04573366151216816,0.01797417750152392,0.019619170923742994,0.042579967932938854,0.020622644432469032,0.06681358409735393,0.07848989347104789,0.03518140946230854,0.06697840639069846,0.04548870884785417,20180404_192754,74.95127430489902,20.6581446559362
151,0.02974838028160982,0.03582728619411845,0.03266456925180848,0.052921418235425025,0.05837467141092374,0.016200672508734006,0.051981294586512704,0.03775815972956693,0.04314040545960252,0.0258142130048225,0.012082684090081626,0.03385863687694505,0.034630233066997,0.05254190317172459,0.03970116597011025,0.015050913353384836,0.05099709638422265,0.048170287198828446,20180404_192849,70.3392621001328,20.577088588486642
152,0.02909555328224259,0.042809853259361604,0.0273909354076337,0.060339298781741546,0.0865449556927277,0.025363183675892825,0.045085106651616934,0.05020056462177476,0.05137797925963721,0.02708078705776241,0.024750539729495133,0.04791388971195215,0.0255119788207429,0.06564555196984395,0.0725770679313865,0.02652595910820447,0.04424420940750517,0.05432036147822057,20180404_192849,72.77361108053557,19.340090346823732
153,0.037908720091328875,0.03226952710766351,0.04355456974796758,0.06379703927936524,0.05827865570554779,0.022654513898832447,0.03839060450156917,0.04460953706084752,0.051249507687974816,0.03630679380671431,0.027635015516368995,0.03823699662519674,0.038567713105375094,0.06419312151688185,0.0569014236675266,0.023318593559093298,0.04367285358222313,0.05372618888469083,20180404_192849,72.73678249569122,18.46771847443968
154,0.041199431416976726,0.039059197135221324,0.03163961779114312,0.06467026547150598,0.08480312824183664,0.022326994561617835,0.0484172859299801,0.038822720542303166,0.03661631053400731,0.02083898379696916,0.029602146468237046,0.03234257156599379,0.028441273864610525,0.07149896083815979,0.06874377507519627,0.026278978585476478,0.04650020319007021,0.04263775836936511,20180404_192849,73.06476354122589,19.245224025305774
155,0.05114420993078164,0.061918887090417776,0.05928443441501479,0.06987063956030148,0.0686961114260298,0.04325564967517232,0.0623120204100682,0.03643312792768213,0.0342659077982799,0.07047243515003117,0.0138594054324568,0.07192253924881692,0.05047454784091132,0.0773268514284709,0.06632440301592173,0.04708891373013357,0.06712969472107848,0.03418931821757078,20180404_192938,73.38052545388251,21.611720350206333
156,0.05780657364421673,0.06220135214098554,0.06698271172383267,0.07087658632669423,0.06636144968646246,0.044738162944653825,0.06615255571551643,0.028978252367155666,0.027515098757824114,0.0684667517728902,0.037722860697949,0.052353145399791134,0.03955968960733591,0.06353854339621402,0.06230998428933238,0.040021472423964234,0.06965211104984025,0.027416890377017042,20180404_192938,80.14639957708408,20.65555475738749
157,0.05515092525264761,0.06983358590030463,0.0416649724890711,0.06842103860945707,0.09836474669031732,0.049303694693909085,0.06536323830926455,0.03577779380539499,0.03423786639502282,0.0667746267236462,0.02723808852267599,0.07952416106840028,0.03714237405772411,0.07859665146241633,0.05841090918705791,0.05113097657169306,0.07660109097686922,0.035215946757317575,20180404_192938,74.61441821152242,20.22710441809093
158,0.04633315112953904,0.06217940353069838,0.06359590151089424,0.07650186332281994,0.06800550009159233,0.045436194922161964,0.06691840845444534,0.028883746584214613,0.030800116594244666,0.06550937758437286,0.04581678352198117,0.058302431403581996,0.04752283588667704,0.06836729772904125,0.0728993546053062,0.0496680329028307,0.07212690996974527,0.028204596626638764,20180404_192938,80.74361820148548,21.003395529738896
159,0.03199821339987969,0.06944390512724444,0.03992623735570832,0.07379492274838793,0.09957790549127524,0.046846448653919986,0.057563929236214985,0.049748942686618246,0.04953264410662957,0.038089714873693316,0.022577994022612267,0.08554978687352927,0.03149176173770561,0.0752091293609028,0.0898869658910461,0.04590632172421163,0.06383208149783702,0.053942792596926796,20180404_193236,71.198460573348,20.659369768542337
160,0.03286305327914479,0.05857221848321533,0.036456534119422214,0.0635213420870806,0.08005381003762864,0.03803425581254119,0.058270815961882626,0.03796460713333258,0.03789913501555127,0.03912073648007466,0.024146614993640295,0.04984777641067166,0.028208717661504328,0.06991916572644173,0.07181951935646606,0.04033976254952763,0.05222557444154349,0.034195832093563486,20180404_193236,69.34047882417227,21.436449167841584
161,0.034313930780460064,0.0584680352784879,0.04197224753369324,0.06903183035726154,0.080158982961669,0.037680391462667454,0.05558809399433726,0.04717563930476061,0.042493181372747726,0.04243999117464923,0.023274014723825627,0.07624971679973742,0.035631279293956555,0.07107881994769581,0.0801668784117396,0.05060913807981957,0.0596959395348737,0.03762319330014639,20180404_193236,72.36307918362863,20.39387078095838
162,0.03213681835218324,0.06294138846663047,0.046676615614481894,0.06689991832105455,0.09141197635794802,0.04490912503046606,0.05897684276977102,0.03248293776317999,0.027643019974351077,0.03663811563196536,0.02389737911309869,0.0502746675387872,0.02663867545183623,0.07630991624764699,0.07808250836995581,0.04359566053305223,0.056427488012940265,0.024404733177708395,20180404_193236,69.24244503675449,20.606540069860372
163,0.07660759145844265,0.06719996711292504,0.0783938329861248,0.06923369793557392,0.09262239372687177,0.04854629502545404,0.055536722817074356,0.03998074682845131,0.040602120473889135,0.07838843997597496,,0.06938135827580741,0.07458848976882454,0.08347819260171485,0.0741145263211873,0.05803651334671361,0.07617308418559228,0.03247371441170106,20180404_193356,67.68970039794834,22.636673655293247
164,0.08971377171237167,0.08112693666568527,0.016068423473513713,0.059169079464571235,0.09997176188496595,0.03627950476807011,0.044376976133826025,0.03860000131266363,0.032930403824134175,0.09400546608977393,0.08408835833871019,0.06917254648186877,0.09489841708817252,0.06799466724662981,0.08802662375243711,0.03378328739196828,0.055631201593974264,0.03303232963163062,20180404_193356,63.973443233978614,20.532381022586705
165,0.08469309894291646,0.06780116188851004,0.09145121773584283,0.07175913646489605,0.10058581780984596,0.04754354759722486,0.06846883774452593,0.03830897846346678,0.026511756372843514,0.09087413370773137,0.016980549895471486,0.0638560202752415,0.08173701068464592,0.08361054964759917,0.07207079783435907,0.04807182892159095,0.07413271370133324,0.0305907338150654,20180404_193356,68.38926377991282,20.385364905244433
166,0.05967847652781965,0.06687822747862136,0.07633358058064985,0.0634365886306951,0.09357766410084545,0.03994803756604488,0.05034330240985614,0.03224860391911074,0.028945937280036037,0.07121364560435181,0.06659162573577418,0.05185160088095288,0.07162129066236722,0.06117022903704775,0.08728934498211889,0.03991229437761551,0.060116993577028266,0.027851433118423672,20180404_193356,66.11144633399137,20.72075729032465
167,0.04460918137435175,0.03410554971119342,0.04495999204973267,0.09831825928760916,0.08627805204372119,0.04873446439263639,0.07116616325753586,0.03185310731441379,0.03611450506853004,0.0396497350134024,0.01640450056817118,0.03822597109274647,0.05237016254691759,0.0916932750238045,0.08036800336163201,0.04682816114602909,0.060431656306234594,0.03418505776433211,20180404_193444,73.49854109320202,20.97012185948965
168,0.04634277204699875,0.04793186235050635,0.03589405719886903,0.07721543727233493,0.09501179596232348,0.052300499441150436,0.06368753962703323,0.025482646288344887,0.0242179551235636,0.04210793577078872,0.032818450704781024,0.03912026899244554,0.043992576123427114,0.09950826276861281,0.09125675331196936,0.04975222708788,0.06326615480231389,0.02491908198899669,20180404_193444,66.4788666935875,20.542401123568517
169,0.046135625899494666,0.03786366255181084,0.05060433997901659,0.08533572339978313,0.07759722482007103,0.04870053190715063,0.06452912776057393,0.033154940824435986,0.037428183926182454,0.051642991235074154,0.04773397847046668,0.040172731550771903,0.04875542849523643,0.08773974443288138,0.09309544763579419,0.050299970640003015,0.060511742472139814,0.03982366217425518,20180404_193444,72.69190893229458,19.906026183615616
170,0.041145751620231895,0.03933373918332938,0.05609998808101201,0.08422575066321704,0.08182680495418662,0.05035642954061161,0.06787570231208141,0.036238909003780066,0.03738226990420452,0.047892974592300214,0.03467542011235899,0.040875881797936366,0.04565668047905345,0.09502826858544398,0.09670034661949778,0.04803625297147136,0.06401518013595378,0.037658774805404666,20180404_193444,69.44299382827745,19.781418036949933
171,0.044947557797534655,0.05895866075271854,0.049593035919513,0.07463993909040426,0.10296967068446869,0.04370423573375412,0.06763594300871904,0.055357797661840305,0.05665475891459356,0.051381437285057,0.028769636132101543,0.06017951898243641,0.03750914016637104,0.07389764577352999,0.08176841927866466,0.053750443251493196,0.06378418080065339,0.054291210786496326,20180404_193535,75.8860489717375,20.726549452517226
172,0.04263713524412889,0.04602452469366431,0.030399844960784104,0.05986501600428729,0.0868364853412898,0.03206057555708114,0.03413502216406049,0.04684125820044883,0.04596262793980726,0.03048827150459956,0.03415042577793243,0.033588308607939765,0.03224111430292039,0.07700624324370886,0.06417545972651281,0.03397037013134659,0.042392945709993295,0.051679035924057544,20180404_193535,69.2866286824908,21.517548012532597
173,0.0571450173672752,0.0633251174016163,0.06931835393383652,0.06853239532604113,0.10492054283838018,0.046326917003977064,0.05341556734097977,0.061112648544839006,0.061965254236492885,0.052531675619770374,0.04244053290081999,0.06978495494355692,0.050791490049730874,0.07584264740174221,0.08765579508930448,0.0526081204846635,0.05706516748750199,0.06466740043822805,20180404_193535,70.4196724182141,20.326404155569932
174,0.03766586687019899,0.04856031744656513,0.04478734556201531,0.07614443896717978,0.08373679019798069,0.03296509814001896,0.05112462561730886,0.05056628781703732,0.04872884332405691,0.041284222234513675,0.042577298854290097,0.03716891374752149,0.041927400208296654,0.08939448142706916,0.08091643493069228,0.03255224394727677,0.05339405038414131,0.044742848655138556,20180404_193535,67.30433199002383,20.95635700816148
175,0.06235945580318764,0.06419675594984792,0.07743821199122267,0.06522717314663484,0.0955802496641948,0.04370093076925135,0.058909646996398383,0.05262120113093356,0.04384485445996561,0.07857414321849443,0.0928245657834272,0.07622036915918168,0.07385092018608065,0.09031786781261508,0.08982002555550415,0.039248929745950144,0.07106660279877643,0.03567942163217317,20180404_193621,71.39623096291932,22.51263064136188
176,,0.08081119413121182,0.11301768071928743,0.044756889241549566,0.10791814887542016,0.037596096652602974,0.03221275283732948,0.04460304296163196,0.03998132594866241,0.09743397043367079,0.06542827929775243,0.0649813542557752,0.05033668404325022,0.08074609364494252,0.09650710051207143,0.03752351343541765,0.05598045201655297,0.036409563776176934,20180404_193621,63.41115048446586,20.83134700401126
177,0.0929617564185181,0.07743544789272365,0.10114896226564242,0.05655626497528407,0.11311005886107584,0.036603850469858173,0.048399374932602754,0.06090811555917999,0.04085878036917192,0.09339539261362861,0.11181173585339166,0.08348612772814486,0.07392096374375073,0.07520674058422203,0.11894513528506802,0.046188237905497385,0.061437775439106446,0.04104071328322206,20180404_193621,75.05254968644935,19.541729174969195
178,0.07144149319046748,0.07433320810161068,0.07569437981455422,0.05944509699662403,0.0987167477062218,0.03424663942009276,0.058684350275339775,0.04027724411586713,0.033364860132885865,0.07328832551035452,0.05218329293104407,0.05437091466193974,0.061957934720116285,0.07497064697652825,0.10254048737624358,0.035967750499436985,0.06755411662785119,0.029522550416875456,20180404_193621,63.8681298654639,20.035044072681824
179,0.044243105242372766,0.035876558864340755,0.04983367786379007,0.08717181465059783,0.08622612156292975,0.048429429777644306,0.06835197328577217,0.04405895356604499,0.04269008226157578,0.04911402147157405,0.057875885508559335,0.046139221413607795,0.04054450464345157,0.09037482977147211,0.07389107271602258,0.04982964975887608,0.06178521185793978,0.04211935438639793,20180404_193711,70.13095983873765,20.300424688797204
180,0.05161919350483119,0.04638212909131759,0.035852219342213235,0.07206073468751924,0.08491774855685912,0.055761756808836924,0.05892125787542792,0.029519818721800792,0.03240807188605101,0.0555915616583267,0.04172221706502649,0.041872796696530865,0.051372232943559484,0.09816084036904417,0.08333561768875472,0.047395457588987056,0.05221637246922363,0.03392105916524003,20180404_193711,66.79684884239997,21.064994086841274
181,0.04308375367014727,0.039118132298040016,0.05062339497051897,0.08635729118711807,0.08696979335837768,0.05267336749818602,0.06986542785624895,0.03811513092609589,0.038302482525635985,0.05004609101907488,0.04309654292060131,0.04482232111173004,0.048229966312196955,0.08632368834217466,0.08092066977470634,0.048077496195596425,0.0641272309775462,0.03785835261625673,20180404_193711,70.87471447968957,20.392950792042896
182,0.05358522328650688,0.04587818794682913,0.038253249872034566,0.08711025254161943,0.08701096099455316,0.053377759608488486,0.06125495738020867,0.03189319653690313,0.032982357221913984,0.04181077448550352,0.03295243937954408,0.04066184741774041,0.0421465886059472,0.10194966013147023,0.08484392527375216,0.04542349489433573,0.05389046798687428,0.034434257761556376,20180404_193711,70.67934900896324,20.5677303945833
183,0.036472264371539,0.039003752428983116,0.040876691496549766,0.0452781230083612,0.08731927103902358,0.029078116613518275,0.030238265511037813,0.033280750004415535,0.0334945398462672,0.039717096984166575,0.0517713907515532,0.04091987644046413,0.04028277199537562,0.03858236316765075,0.0722955746898436,0.028874020765691188,0.040408719744103906,0.03131597453693034,jeroengeurds_25081990_176_73_16500,73.15192049589271,23.654843589312406
184,,0.04872989132391746,0.0318894656389663,0.03395072484695347,0.07189701444957673,0.021488057072261292,0.027826182527959733,0.031156344774889603,0.027743342004681922,0.04242088905599477,0.03233859206432872,0.028257450726925506,0.0364225011241851,0.04095408555265738,0.08025486271065632,0.02137781471551947,0.029990073103968066,0.028239708064210466,jeroengeurds_25081990_176_73_16500,68.87946340758651,21.537413790063002
185,0.04145351496640657,0.038142638021184186,0.04456088540253386,0.03945545930278359,0.0600644310893197,0.02857617820691249,0.0368836878586138,0.03332393790219829,0.03710053142633278,0.04928913342553031,,0.0399016774153469,0.045459069833767685,0.04893271030474815,0.08829791355092134,0.03090881116079644,0.03348180848728829,0.03438493531594075,jeroengeurds_25081990_176_73_16500,72.12451182119227,22.849429980912888
186,0.03695213523018825,0.05651276870334213,0.028023401926659693,0.04852042062597639,0.09498605419769207,0.027069723240198528,0.030230138735755484,0.03115322846461008,0.02845266882107584,0.02934840186689088,0.02532173270737893,0.04221522783935561,0.03223565117853599,0.05610191288613557,0.1162496366241922,0.023916252324764478,0.03364494624533611,0.02944604661194173,jeroengeurds_25081990_176_73_16500,76.97282219758182,21.942860275940916
187,0.022868064184285924,0.027247133394721047,0.02219056147869621,0.03353367042214196,0.05117721902571527,0.025146154644236557,0.0355021704326812,0.016964097443863346,0.01777823759993171,0.02546873861767768,0.014034557285514202,0.020834149223576768,0.030136212587770085,0.044693920163779204,0.048247427596351485,0.027320249376381008,0.034263968867786904,0.016881470618592378,jeroenkrol_28121995_184_80_16500,74.75326180195052,20.898161614432173
188,0.012629311835628649,0.020956267523991445,0.016398366403937315,0.03679873606731269,0.05022506585836041,0.018670992437234635,0.042556749555497556,0.01723075303553128,0.013360924786806873,0.016390557345672078,0.01134655171880627,0.022252153426287037,0.018854334441304722,0.03633309749936441,0.04471029064226614,0.024701771773916057,0.041071134422607306,0.01981459851326173,jeroenkrol_28121995_184_80_16500,74.78780662603899,19.74697834819302
189,0.028928662993298878,0.025019432477111022,0.029900532161939903,0.02483474759480935,0.04393120962243442,0.022641224051249957,0.037877829379747596,0.02259658276888522,0.02556480986690692,0.026915759919952195,0.012930708979592401,0.0329953928908187,0.039062090804397084,0.033248879593602385,0.0518432674860474,0.022314830120731936,0.03433425162798617,0.026210624040218084,jeroenkrol_28121995_184_80_16500,70.35433228492663,18.434472241194257
190,0.011186219153799753,0.022226385762489344,0.015309761276850199,0.02745997638077318,0.047313125466174444,0.019032576475970214,0.04292010264296058,0.012651156437491939,0.014290996996441879,0.023493777041854992,0.015103853835352342,0.026515423351114568,0.02109400903817488,0.038574707463690926,0.05639491360362453,0.020823261552519078,0.03976052472521638,0.014578314448061116,jeroenkrol_28121995_184_80_16500,72.94643269987213,20.21086807780735
191,0.04633547421202495,0.03183947461902301,0.05295497704957064,0.03410352280226937,0.07003247201191881,0.023868660885357017,0.032160660809363736,0.03606749122432647,0.04358640626063403,0.05694191236621733,,0.05170720592916763,0.060618906504380614,0.04103646549923365,0.06986650312910689,0.026607093447946876,0.0353039241292477,0.044641102494851516,michael_30121992_186_90_16500,64.23450039660007,23.981974073038106
192,0.05523754843091221,0.043659638207431614,0.061213595129842875,0.02497463384157333,0.0591262611027858,0.028421701306343226,0.028250748807433494,0.03721211383283752,0.02638800938135184,0.05571791059194459,0.04861276672474615,0.03555752310054351,0.05591504531059299,0.048068354285365184,0.05077150224532268,0.019186432935740894,0.03100715529777252,0.024392759833460308,michael_30121992_186_90_16500,65.79355967172125,22.8896277346386
193,0.04765594824159205,0.03994141591498661,0.06907922131520432,0.035069788508639545,0.06918356703853444,0.0233074385624415,0.03756744330415879,0.04079411858033942,0.04941837905263739,0.07606301365285718,,0.05783220881379141,0.08275239720643819,0.03833814021588828,0.0688089849617103,0.02905936883528579,0.038399836170249085,0.05245955262894695,michael_30121992_186_90_16500,67.18787170102955,22.507761274759268
194,0.06872279067256325,0.045176116172348395,0.07232437705237889,0.030903706087784578,0.07332368443474532,0.026030838443223698,0.035952007399023114,0.03949395231560376,0.02968186036018973,0.05396416355862207,0.050956239543877624,0.03652724776485489,0.0678581569418387,0.05053805842228233,0.04913045377145275,0.02491582520171625,0.03209191564208227,0.029698339733987302,michael_30121992_186_90_16500,65.80666205919607,22.629251325618046
195,0.02743513050345616,0.0411943339064035,0.03159415996497893,0.03300570222596449,0.06452486272728113,0.026540145146928835,0.03719264730540147,0.024637410360638802,0.03172052382487661,0.035489140815084044,0.0347018956256183,0.05404111339564672,0.03556270190499456,0.033833264007210234,0.0660745036151115,0.030971705813305845,0.03777016515221689,0.039059095813584216,miel_01111993_170_68_16500,64.24914209822686,22.79456743465397
196,0.03635206498122534,0.04780661004066807,0.03818969853750705,0.039469056045991144,0.0647939772280108,0.027799815791299646,0.04271577053515148,0.03497326335187399,0.024041701683182128,0.039344540320197345,0.024776281172418046,0.06101122438744893,0.03139085086992427,0.05427192996847109,0.08731130580893756,0.024971947047878387,0.04161361287284583,0.03058801668007943,miel_01111993_170_68_16500,57.502252945304846,22.323043593632335
197,0.03351322954052387,0.031150002492508017,0.03821294682242731,0.03867571275049098,0.07519117968064802,0.03172102397171631,0.041004282435529185,0.028194829312932664,0.030235463006042247,0.04057707022705431,0.05952176915271733,0.04792271843581937,0.0324191276023553,0.034558233216427,0.057044070641477984,0.0388824062967335,0.041215168551575795,0.04723217947190026,miel_01111993_170_68_16500,63.28938487234044,21.601936269896076
198,0.04950615349880986,0.033751478227931196,0.034628717024597,0.03755932422875304,0.0786488181609908,0.03011090068015989,0.0435903565212365,0.03209211638666344,0.018989084213669405,0.03573079225511113,0.02956786050403336,0.05196359921657381,0.02950746919102157,0.06579236593225665,0.08414707413228803,0.03663626607942524,0.04100829466068114,0.024725912425352867,miel_01111993_170_68_16500,63.00544917740689,21.984679513790855
199,0.01847796250499875,0.043538320304855535,0.01895876332405125,0.04318073194194282,0.08670693623788993,0.0298797928309478,0.04190354365696995,0.028996150652028208,0.029576657035592827,0.020907236976719843,0.0271280160517229,0.05351769503842048,0.03172307564161731,0.04646744050662495,0.21109984498707698,0.02849163433055113,0.037871489995481365,0.029318798730811047,nickblok_21101993_186_85_16500,70.4117199222642,22.612785132733716
200,0.020969404475432378,0.053460126114667286,0.02092341225528597,0.0398942549348054,0.13682252128789618,0.03147102886078253,0.036290853986136414,0.02681194626245732,0.022400906220563933,0.027941820621459078,0.019710292427249435,0.034169811923156365,0.02048598773771157,0.05939734542561677,0.09362955548219101,0.03272528497223221,0.028893887067159122,0.02453153813236006,nickblok_21101993_186_85_16500,74.31512262243984,20.9118592237835
201,0.016586758083694482,0.04535944737294002,0.023951755252369308,0.0496212336237323,0.11008939037917835,0.028923211957248805,0.05366892452041876,0.02626441148320567,0.025986198397967716,0.025437883357992064,0.026906847247520727,0.048128417432907446,0.024683692777696976,0.055609528156253876,0.2148465605116694,0.028682835405320784,0.03324304537949555,0.018727077609478733,nickblok_21101993_186_85_16500,75.5545252965965,20.72641705771707
202,0.02231610217391972,0.04952353632297456,0.025502132056174416,0.0390210993268348,0.11636835723281379,0.02728700421550302,0.038687353672383296,0.028231756326650155,0.02869499905837178,0.0235436977445133,0.022367869600641323,0.04051565195548352,0.026804314202845445,0.05805660027612852,0.13013168945378928,0.027945755138223907,0.03412432538290453,0.02776989055825758,nickblok_21101993_186_85_16500,76.3612277781821,20.23413647072195
203,0.033300950838050555,0.03504554108195792,0.04268326421944541,0.05331545383097375,0.06923417169639583,0.023364840237394338,0.039447155068269964,0.02626221708001623,0.02904739768306434,0.034902860502472904,,0.04608506479285977,0.0490421197775121,0.04144404351804644,0.07057689575670964,0.024217137589195026,0.042730946315551126,0.02926307708463021,nickbrand_31071995_195_78_16500,70.80260579637917,22.88205530831853
204,,0.04303011870728087,0.03341857168524741,0.05719642000050215,0.0761497334916509,0.033191602716995935,0.03864417996738751,0.03598685132274661,0.03592384844318768,0.02859927906032691,0.029423931158854312,0.028781889536737357,0.03345914968017343,0.04696342771083447,0.06941886589674455,0.02569434493334793,0.0346185046796757,0.030307661737359454,nickbrand_31071995_195_78_16500,69.53302695911141,21.061336687136645
205,0.03580542963720269,0.03963752664119073,0.03867719782071751,0.05454683333890118,0.0797259565046255,0.025183043217073573,0.03700214792561742,0.02210899264062784,0.031909037309929035,0.03579441285479443,,0.044393321087235954,0.04942183117400372,0.05228052942078449,0.06823155404576785,0.024326349463794274,0.03929162789977318,0.031913042301528714,nickbrand_31071995_195_78_16500,69.6073499414266,20.761757771166202
206,0.007925461353342001,0.03735631930816802,0.04233186061061661,0.04315954217012438,0.07283810212229741,0.03061888879276702,0.041565734354489535,0.03360507179603381,0.03081468174702999,0.048950364093130826,0.03839266768174159,0.03344348798422567,0.04455004813583136,0.054432498247983144,0.05350833914585991,0.027029531613875342,0.04122171361729148,0.030734258554293094,nickbrand_31071995_195_78_16500,75.23950244865182,19.866130723791663
207,0.01875201991185578,0.028011821579714172,0.019765504383066464,0.03815109248544123,0.09311783875128576,0.015234106348984042,0.023254719857550146,0.020288681775308782,0.019199204313434456,0.015307096656029136,0.02204993197667865,0.030801486998480655,0.022305398450588772,0.04229631380057757,0.06770520724296569,0.020479201844511942,0.021271907154932806,0.020642647716182686,rob_21071992_180_78_16500,75.29500193028323,22.67820852381443
208,0.026615889454090998,0.036294591219031364,0.032836713188613385,0.050120391177409615,0.06527919903278838,0.018247725825892794,0.030109697445879387,0.023745780046802327,0.021254370699493177,0.024778748190966687,0.02268485071863493,0.030788496371002186,0.02761196637472694,0.03584962040943929,0.062418555944845446,0.022625397322470344,0.024709601867640024,0.022885013021808825,rob_21071992_180_78_16500,73.90896371841117,20.134597602242803
209,0.02539112458769367,0.02500787208972123,0.02257127344200925,0.04016246915235073,0.07608135596959298,0.017416649007009018,0.025105077185384732,0.019053512205207897,0.01673479577081617,0.02394535416448939,0.020859215036941076,0.030097884586446397,0.02656937151042585,0.039502412441562045,0.07357898288810771,0.01737857981239579,0.02416770431214421,0.020185254381340553,rob_21071992_180_78_16500,73.85155314473153,20.90876119647234
210,0.028910360825717463,0.03884081300010522,0.030281628050394346,0.052406735862469855,0.06254526119221787,0.02276116451833595,0.029870437822964082,0.01809917688760864,0.015758847590898645,0.025241240147712642,0.024170527811270815,0.03161888862831004,0.028461480533825325,0.03755547493334194,0.06315343394839448,0.018937809716008253,0.029790594772455832,0.021002392742467856,rob_21071992_180_78_16500,73.9834858613018,20.74534656894003
